time,equity
2021-07-13 04:00:00+00:00,4986.460848932344
2021-07-13 20:00:00+00:00,4972.957631282531
2021-07-19 08:00:00+00:00,4959.695088812378
2021-07-23 20:00:00+00:00,4946.040509288877
2021-07-24 00:00:00+00:00,5000.0
2021-07-25 04:00:00+00:00,4931.705920212009
2021-07-28 00:00:00+00:00,4918.291570629319
2021-08-05 08:00:00+00:00,4919.471749293565
2021-09-08 08:00:00+00:00,4892.545447949499
2021-09-13 04:00:00+00:00,4882.789921365813
2021-09-17 08:00:00+00:00,4874.19978197408
2021-09-19 08:00:00+00:00,4875.84702741285
2021-09-20 08:00:00+00:00,4861.533189488259
2021-09-21 20:00:00+00:00,4834.846562889614
2021-09-28 12:00:00+00:00,4836.561936246523
2021-09-28 16:00:00+00:00,4838.46700090608
2022-01-05 16:00:00+00:00,4824.355849408641
2022-01-16 12:00:00+00:00,4825.830431888887
2022-01-31 12:00:00+00:00,4827.245024548013
2022-02-04 12:00:00+00:00,4828.058707476001
2022-02-09 20:00:00+00:00,4814.052327239275
2022-02-17 20:00:00+00:00,4849.763614861971
2022-02-28 12:00:00+00:00,4851.379157154073
2022-03-16 00:00:00+00:00,4852.710465636117
2022-03-16 20:00:00+00:00,4838.860341793492
2022-03-18 16:00:00+00:00,4824.9281207088425
2022-03-23 00:00:00+00:00,4825.857064403122
2022-03-27 20:00:00+00:00,4812.0005539798785
2022-04-11 08:00:00+00:00,4797.603374785468
2022-05-05 16:00:00+00:00,4833.926676001657
2022-05-26 08:00:00+00:00,4870.554327677885
2022-05-30 20:00:00+00:00,4856.703988028945
2022-06-02 00:00:00+00:00,4893.412031402815
2022-06-11 08:00:00+00:00,4930.1324670797285
2022-06-19 16:00:00+00:00,4932.166753554296
2022-07-05 04:00:00+00:00,4918.504204377118
2022-07-15 20:00:00+00:00,4904.9233552991045
2022-07-26 12:00:00+00:00,4941.478920706018
2022-07-29 04:00:00+00:00,4928.041051371185
2022-08-05 08:00:00+00:00,4929.40457521228
2022-08-11 00:00:00+00:00,4930.997654770918
2022-08-14 04:00:00+00:00,4916.46839917004
2022-10-13 08:00:00+00:00,4951.849905768488
2022-10-24 20:00:00+00:00,4951.672315005997
2022-10-25 16:00:00+00:00,4936.931873827648
2022-10-26 08:00:00+00:00,4921.325662394873
2022-10-28 12:00:00+00:00,4922.463974683113
2022-10-29 08:00:00+00:00,4908.5661122972
2022-10-31 08:00:00+00:00,4894.677761692463
2022-11-05 12:00:00+00:00,4880.905300275606
2022-11-08 04:00:00+00:00,4915.890477575959
2022-11-30 20:00:00+00:00,4901.630494846883
2022-12-05 00:00:00+00:00,4896.881828144666
2022-12-08 16:00:00+00:00,4895.8348736387625
2022-12-14 12:00:00+00:00,4879.783617670528
2022-12-14 16:00:00+00:00,4864.9393698905515
2023-01-04 00:00:00+00:00,4834.1988344164365
2023-01-08 20:00:00+00:00,4815.934237550864
2023-01-13 20:00:00+00:00,4802.492324927413
2023-02-08 12:00:00+00:00,4801.984476589736
2023-02-15 12:00:00+00:00,4836.26781137075
2023-02-25 20:00:00+00:00,4821.695418530891
2023-03-07 16:00:00+00:00,4818.725843251755
2023-03-08 20:00:00+00:00,4803.015136587964
2023-03-13 12:00:00+00:00,4789.033445972189
2023-03-17 20:00:00+00:00,4790.697696485415
2023-03-22 12:00:00+00:00,4791.626369202787
2023-10-01 20:00:00+00:00,4775.428399231731
2023-10-16 12:00:00+00:00,4759.055118113874
