symbol,n_obs,mean_daily_ret_bps,std_daily_ret_bps,skew,kurtosis_excess,jarque_bera_p,fat_tailed,adf_price_p,kpss_price_p,pp_price_pvalue_approx,adf_returns_p,acf_lag1,acf_lag5,pacf_lag1,ljungbox_combined_p_lags1to5,vr_q2,vr_q2_z,vr_q5,vr_q5_z,vr_q10,vr_q10_z,vr_q20,vr_q20_z,hurst,asset_class,hurst_ci95,hurst_trending,hurst_mean_reverting
AUDCAD,3000,0.143,45.653,-0.2519,2.6997,0.0,True,0.1578,0.01,0.0481,0.0,-0.0266,-0.0053,-0.0266,0.057918,0.9736,-1.447,0.8879,-2.801,0.7725,-3.691,0.7204,-3.081,0.5357,FX,,,
AUDCHF,3015,-0.57,60.474,-0.383,3.7563,0.0,True,0.5706,0.01,0.5482,0.0,-0.0512,0.0178,-0.0512,0.081311,0.9489,-2.808,0.9074,-2.321,0.8696,-2.12,0.7748,-2.488,0.5397,FX,,,
AUDCNH,1567,-0.166,53.313,-0.4455,3.3268,0.0,True,0.0007,0.01,0.0003,0.0,-0.0502,-0.0031,-0.0502,0.10757,0.9499,-1.983,0.8371,-2.943,0.7407,-3.04,0.6864,-2.498,0.4617,FX,,,
AUDJPY,3000,0.831,71.578,-0.5378,4.5677,0.0,True,0.704,0.01,0.704,0.0,-0.0114,0.005,-0.0114,0.421297,0.9887,-0.617,0.9676,-0.81,0.9279,-1.169,0.8741,-1.388,0.5283,FX,,,
AUDNZD,3000,0.651,37.647,0.5132,4.0606,0.0,True,0.3695,0.01,0.3695,0.0,-0.0104,0.0032,-0.0104,0.534485,0.9896,-0.568,0.9692,-0.769,0.9453,-0.887,0.9469,-0.585,0.5073,FX,,,
AUDSGD,558,0.412,40.567,-1.0964,12.4347,0.0,True,0.6321,0.01,0.6321,0.0,-0.0501,0.0081,-0.0502,0.415823,0.9489,-1.206,0.8297,-1.836,0.6834,-2.215,0.5438,-2.168,0.4612,FX,,,
AUDUSD,3000,-0.127,63.27,-0.234,2.7941,0.0,True,0.0473,0.01,0.0473,0.0,-0.0149,-0.0242,-0.0149,0.668204,0.9853,-0.808,0.9735,-0.662,0.9099,-1.462,0.8572,-1.574,0.5591,FX,"[0.4817799299218605, 0.601764414646703]",False,False
CADCHF,3000,-0.657,52.202,-0.182,2.9078,0.0,True,0.8258,0.01,0.7265,0.0,-0.0529,-0.0043,-0.0529,0.108419,0.9468,-2.915,0.8843,-2.891,0.8568,-2.324,0.732,-2.954,0.4814,FX,,,
CADJPY,3000,0.754,65.909,-0.4,4.8594,0.0,True,0.7506,0.01,0.7217,0.0,-0.0428,-0.0111,-0.0428,0.110996,0.9574,-2.333,0.9216,-1.961,0.9002,-1.619,0.8755,-1.372,0.5052,FX,,,
CHFJPY,3000,1.461,50.649,-0.5141,6.2177,0.0,True,0.9834,0.01,0.9805,0.0,-0.0425,0.0144,-0.0425,0.020523,0.9565,-2.384,0.8923,-2.693,0.8853,-1.861,0.8365,-1.802,0.5312,FX,,,
CHFSGD,2562,0.448,37.399,0.4565,4.6296,0.0,True,0.4921,0.01,0.3937,0.0,-0.0803,0.0504,-0.0803,0.000125,0.92,-4.052,0.8355,-3.8,0.8414,-2.378,0.7801,-2.24,0.4994,FX,,,
CNHJPY,1598,2.755,55.086,-0.3757,3.1392,0.0,True,0.4449,0.01,0.4811,0.0,-0.0414,-0.0027,-0.0414,0.323097,0.9591,-1.633,0.8809,-2.173,0.8185,-2.149,0.7909,-1.682,0.5028,FX,,,
EURAUD,3000,0.501,53.912,0.6252,4.5267,0.0,True,0.0628,0.01,0.0628,0.0,-0.0222,0.0052,-0.0222,0.814174,0.978,-1.203,0.9436,-1.411,0.9207,-1.287,0.8852,-1.265,0.5535,FX,,,
EURCAD,3000,0.512,48.413,0.2443,3.1395,0.0,True,0.1218,0.01,0.0878,0.0,-0.0541,-0.0037,-0.0541,0.127502,0.9462,-2.947,0.8866,-2.834,0.8671,-2.155,0.7772,-2.456,0.5237,FX,,,
EURCHF,3000,-0.349,31.793,-0.0046,2.252,0.0,True,0.8552,0.01,0.8012,0.0,-0.0417,0.0389,-0.0417,0.014098,0.9572,-2.343,0.8969,-2.579,0.8642,-2.203,0.7915,-2.297,0.5172,FX,,,
EURCNH,2239,-0.002,40.077,0.1793,2.5282,0.0,True,0.2375,0.01,0.2073,0.0,-0.0373,0.0122,-0.0373,0.388347,0.9632,-1.743,0.933,-1.447,0.8876,-1.576,0.8394,-1.529,0.5578,FX,,,
EURGBP,3000,0.607,45.733,1.1425,13.7161,0.0,True,0.0317,0.01,0.0453,0.0,0.0313,-0.0495,0.0313,0.010923,1.0311,1.706,1.0121,0.303,0.9478,-0.847,0.8295,-1.879,0.4892,FX,,,
EURHKD,2562,0.317,44.707,0.1212,1.4712,0.0,True,0.1624,0.01,0.1624,0.0,-0.005,-0.0011,-0.005,0.929242,0.9954,-0.232,0.9592,-0.943,0.8967,-1.549,0.848,-1.549,0.5859,FX,,,
EURHUF,1593,0.407,52.829,0.0308,3.328,0.0,True,0.2103,0.01,0.1332,0.0,0.0485,-0.0118,0.0486,2.1e-05,1.0492,1.963,0.9619,-0.695,0.8925,-1.27,0.7883,-1.7,0.5314,FX,,,
EURJPY,3000,1.084,55.248,-0.6297,8.416,0.0,True,0.9213,0.01,0.9213,0.0,-0.0224,0.0031,-0.0224,0.446379,0.9777,-1.219,0.9264,-1.84,0.8935,-1.727,0.7967,-2.241,0.5019,FX,,,
EURMXN,2199,-0.396,74.013,0.8362,4.4781,0.0,True,0.3866,0.01,0.378,0.0,-0.056,0.0474,-0.056,0.008987,0.9444,-2.608,0.894,-2.268,0.9349,-0.904,0.9977,-0.022,0.5457,FX,,,
EURNOK,3000,0.945,57.481,1.3223,15.0535,0.0,True,0.252,0.01,0.2001,0.0,-0.0845,-0.0081,-0.0846,0.0,0.9154,-4.634,0.9202,-1.994,0.917,-1.347,0.8495,-1.659,0.53,FX,,,
EURNZD,3000,1.084,54.273,0.5217,4.7307,0.0,True,0.4179,0.01,0.3549,0.0,-0.0463,0.0165,-0.0463,0.001104,0.9539,-2.526,0.8881,-2.797,0.9011,-1.605,0.9327,-0.742,0.5232,FX,,,
EURSEK,1593,0.642,39.687,0.0093,1.6564,0.0,True,0.454,0.01,0.3909,0.0,-0.0947,0.0343,-0.0948,0.003881,0.9057,-3.762,0.8736,-2.303,0.843,-1.856,0.839,-1.293,0.5177,FX,,,
EURSGD,1578,-0.635,29.305,0.0868,2.2459,0.0,True,0.2737,0.01,0.2249,0.0,-0.0578,0.0208,-0.0578,0.063711,0.9424,-2.288,0.849,-2.739,0.7862,-2.516,0.7154,-2.275,0.5351,FX,,,
EURUSD,3015,0.158,48.322,0.1831,2.3552,0.0,True,0.0832,0.0241,0.0503,0.0,0.0037,-0.0059,0.0037,0.86464,1.004,0.219,0.9761,-0.598,0.9063,-1.523,0.7903,-2.316,0.5354,FX,"[0.44373335041745254, 0.5854239714844317]",False,False
EURZAR,2562,1.166,82.538,0.4733,1.7043,0.0,True,0.2522,0.01,0.2515,0.0,-0.0399,0.0352,-0.0399,0.024903,0.9603,-2.01,0.9056,-2.18,0.892,-1.62,0.8427,-1.602,0.5437,FX,,,
GBPAUD,3000,0.005,55.212,-0.3351,7.2758,0.0,True,0.1417,0.01,0.1417,0.0,-0.0057,0.0047,-0.0057,0.58991,0.9941,-0.322,0.9385,-1.539,0.9537,-0.75,0.985,-0.165,0.5697,FX,,,
GBPCAD,3000,0.027,52.101,-0.5564,8.7992,0.0,True,0.1069,0.01,0.1069,0.0,-0.0157,-0.0319,-0.0157,0.407658,0.9843,-0.858,0.9658,-0.855,0.9216,-1.271,0.8167,-2.02,0.523,FX,,,
GBPCHF,3000,-0.761,52.933,-0.7575,10.6615,0.0,True,0.3299,0.01,0.3299,0.0,0.0021,-0.0242,0.0021,0.722602,1.0007,0.04,1.0273,0.683,1.0014,0.023,0.8883,-1.232,0.5081,FX,,,
GBPCNH,1598,0.185,45.723,-0.1214,2.6451,0.0,True,0.4861,0.01,0.3288,0.0,-0.0214,-0.008,-0.0214,0.145617,0.9789,-0.842,0.8781,-2.225,0.7901,-2.486,0.7318,-2.157,0.5453,FX,,,
GBPHKD,2562,0.483,53.76,-0.0371,3.6683,0.0,True,0.0265,0.0863,0.0265,0.0,0.0096,-0.0225,0.0096,0.902315,1.01,0.506,1.0134,0.309,0.9274,-1.088,0.8215,-1.818,0.5723,FX,,,
GBPJPY,3000,0.656,67.432,-1.7765,29.6903,0.0,True,0.844,0.01,0.8097,0.0,0.0266,-0.013,0.0266,0.456453,1.0269,1.475,1.0462,1.155,1.0478,0.775,0.9852,-0.163,0.5079,FX,,,
GBPNOK,2562,1.061,61.622,0.7343,8.0034,0.0,True,0.249,0.01,0.1938,0.0,-0.1206,0.0085,-0.1207,0.0,0.8796,-6.093,0.8009,-4.6,0.7673,-3.489,0.7103,-2.951,0.5269,FX,,,
GBPNZD,3000,0.594,56.689,-0.2299,7.8053,0.0,True,0.5795,0.01,0.5139,0.0,-0.0131,-0.0108,-0.0131,0.00137,0.9871,-0.708,0.9258,-1.855,0.936,-1.038,0.9936,-0.07,0.5321,FX,,,
GBPSEK,2562,0.825,51.798,-0.1114,1.4145,0.0,True,0.2799,0.01,0.2152,0.0,-0.072,-0.0107,-0.072,0.018779,0.9279,-3.651,0.8648,-3.124,0.8092,-2.86,0.7748,-2.294,0.5175,FX,,,
GBPSGD,2562,0.105,42.147,-0.0177,3.424,0.0,True,0.1067,0.01,0.0335,0.0,-0.0224,0.0041,-0.0225,0.299401,0.9777,-1.131,0.9085,-2.115,0.807,-2.894,0.6864,-3.194,0.5256,FX,,,
GBPUSD,3000,-0.311,57.211,-0.86,13.6133,0.0,True,0.0217,0.01,0.0277,0.0,0.0278,-0.0419,0.0278,0.19426,1.028,1.535,1.0309,0.773,0.945,-0.893,0.8361,-1.807,0.5422,FX,"[0.4933803848668676, 0.5871207316487457]",False,False
NOKJPY,2562,1.336,78.821,-0.6451,6.7778,0.0,True,0.5342,0.01,0.5037,0.0,-0.072,0.0059,-0.072,3.7e-05,0.9283,-3.628,0.9309,-1.596,0.9215,-1.177,0.8704,-1.32,0.5294,FX,,,
NOKSEK,2562,-0.05,51.283,-0.605,7.0815,0.0,True,0.0784,0.01,0.0462,0.0,-0.1195,0.0608,-0.1195,0.0,0.8807,-6.036,0.8634,-3.155,0.8382,-2.426,0.7588,-2.456,0.5588,FX,,,
NZDCAD,3000,-0.41,51.114,-0.1867,1.3906,0.0,True,0.1086,0.01,0.0669,0.0,-0.0498,0.0116,-0.0498,0.04275,0.9504,-2.716,0.8971,-2.572,0.8651,-2.189,0.8622,-1.518,0.5018,FX,,,
NZDCHF,3000,-1.156,59.389,-0.2981,2.7298,0.0,True,0.8556,0.01,0.8192,0.0,-0.0704,0.0321,-0.0704,0.000954,0.929,-3.889,0.8515,-3.713,0.8401,-2.594,0.7887,-2.329,0.5147,FX,,,
NZDCNH,1565,-1.011,54.423,-0.4714,2.6917,0.0,True,0.4236,0.01,0.3726,0.0,-0.0276,-0.0033,-0.0277,0.408903,0.9723,-1.096,0.8875,-2.032,0.8259,-2.04,0.7513,-1.98,0.4578,FX,,,
NZDJPY,3000,0.23,68.534,-0.5391,4.7994,0.0,True,0.2769,0.01,0.2769,0.0,-0.0083,0.0144,-0.0083,0.486738,0.992,-0.438,0.9417,-1.457,0.9287,-1.157,0.8841,-1.277,0.4843,FX,,,
NZDSGD,1958,-1.483,49.757,-2.2496,32.8294,0.0,True,0.8345,0.01,0.4808,0.0,-0.0224,-0.0081,-0.0224,0.656885,0.914,-3.807,0.8216,-3.603,0.7618,-3.122,0.763,-2.11,0.5119,FX,,,
NZDUSD,3015,-0.7,64.504,-0.1062,1.3997,0.0,True,0.207,0.01,0.1674,0.0,-0.012,-0.0186,-0.012,0.33339,0.9883,-0.644,0.969,-0.777,0.9304,-1.132,0.9372,-0.694,0.5229,FX,,,
SGDJPY,3000,1.249,50.772,-0.6698,7.1192,0.0,True,0.9692,0.01,0.9628,0.0,-0.0517,0.0238,-0.0517,0.042273,0.9486,-2.816,0.8926,-2.686,0.8787,-1.968,0.8311,-1.862,0.5071,FX,,,
USDCAD,3000,0.462,43.844,-0.0573,1.6401,0.0,True,0.0265,0.01,0.0265,0.0,-0.0102,-0.0385,-0.0102,0.227137,0.9901,-0.545,0.9562,-1.095,0.9254,-1.211,0.9257,-0.819,0.5227,FX,"[0.4905624848421565, 0.6015157272402375]",False,False
USDCHF,3000,-0.306,49.311,-0.4575,3.2151,0.0,True,0.5104,0.01,0.5104,0.0,0.0108,-0.0076,0.0108,0.50461,1.0099,0.543,1.0145,0.364,0.9626,-0.607,0.8207,-1.976,0.4884,FX,,,
USDCNH,887,-0.266,23.806,-0.2599,4.2917,0.0,True,0.9219,0.01,0.8369,0.0,-0.0699,-0.0009,-0.07,0.001173,0.931,-2.056,0.7672,-3.164,0.7425,-2.271,0.8007,-1.194,0.5977,FX,,,
USDHKD,1593,0.077,4.59,-0.8643,7.9839,0.0,True,0.055,0.01,0.1538,0.0,-0.0495,0.0768,-0.0495,0.003319,0.9511,-1.95,0.9161,-1.528,1.016,0.189,1.1482,1.19,0.507,FX,,,
USDHUF,1578,0.797,81.97,0.0638,1.6193,0.0,True,0.4033,0.01,0.2856,0.0,-0.0142,0.0016,-0.0142,0.278632,0.9859,-0.559,0.9285,-1.297,0.8634,-1.607,0.8186,-1.45,0.5668,FX,,,
USDJPY,3000,1.064,56.943,-0.4976,5.0034,0.0,True,0.8928,0.01,0.8928,0.0,-0.0156,-0.0118,-0.0156,0.562946,0.9847,-0.838,0.9658,-0.855,0.9471,-0.859,0.9546,-0.5,0.5347,FX,"[0.47988628086337054, 0.577035112067104]",False,False
USDMXN,3000,0.748,77.996,0.8069,6.398,0.0,True,0.0271,0.01,0.0271,0.0,0.0075,-0.0008,0.0076,0.550129,1.0078,0.426,0.9975,-0.064,0.9954,-0.074,1.0259,0.285,0.5324,FX,,,
USDNOK,3000,1.03,74.894,0.6941,6.9454,0.0,True,0.1581,0.01,0.1581,0.0,-0.0121,-0.0329,-0.0122,0.10185,0.9877,-0.672,1.003,0.075,0.9629,-0.602,0.8715,-1.416,0.5373,FX,,,
USDSEK,1593,1.008,67.826,-0.1463,1.0096,0.0,True,0.3676,0.01,0.3676,0.0,-0.0264,0.0111,-0.0264,0.811087,0.974,-1.036,0.9253,-1.36,0.8641,-1.607,0.8451,-1.244,0.5261,FX,,,
USDSGD,3000,-0.169,30.637,-0.1732,2.0373,0.0,True,0.0896,0.01,0.0896,0.0,-0.0199,-0.0264,-0.0199,0.064304,0.9804,-1.072,0.9473,-1.318,0.9193,-1.309,0.8855,-1.262,0.522,FX,,,
USDTHB,2562,-0.181,43.253,0.001,2.3449,0.0,True,0.149,0.01,0.1759,0.0,-0.0546,0.0078,-0.0546,0.007287,0.9456,-2.754,0.9701,-0.692,1.0189,0.283,1.0903,0.92,0.5657,FX,,,
USDZAR,3000,1.555,94.898,0.2745,1.1095,0.0,True,0.1175,0.01,0.1175,0.0,-0.0006,-0.008,-0.0006,0.789771,0.9995,-0.025,0.9765,-0.588,0.9485,-0.835,0.8642,-1.497,0.5395,FX,,,
ZARJPY,2562,1.259,97.485,-0.3277,1.6366,0.0,True,0.3849,0.01,0.2888,0.0,-0.0572,0.0747,-0.0572,0.000614,0.94,-3.035,0.902,-2.264,0.912,-1.319,0.8781,-1.241,0.5283,FX,,,
AU200,1950,2.481,121.649,-0.1265,42.363,0.0,True,0.3978,0.01,0.2178,0.0,-0.3408,0.1473,-0.341,0.0,0.6595,-15.035,0.5736,-8.594,0.6065,-5.146,0.5949,-3.6,0.486,Indices,,,
CHINA50,1577,0.421,131.518,0.3621,8.2976,0.0,True,0.3254,0.01,0.226,0.0,-0.0776,-0.051,-0.0776,0.000996,0.9217,-3.108,0.9177,-1.492,0.8916,-1.275,0.7488,-2.007,0.5646,Indices,,,
CHINAH,2356,0.406,161.977,0.1368,8.3982,0.0,True,0.458,0.01,0.4103,0.0,-0.0656,0.0068,-0.0656,0.057109,0.9345,-3.179,0.9067,-2.066,0.8598,-2.015,0.7813,-2.136,0.5203,Indices,,,
DJ30,2998,4.117,106.237,-0.1845,20.2844,0.0,True,0.8909,0.01,0.8551,0.0,-0.107,0.0569,-0.107,0.0,0.8932,-5.848,0.8723,-3.192,0.8363,-2.654,0.8098,-2.095,0.5366,Indices,,,
FR40,3000,2.705,120.075,-0.9674,15.8386,0.0,True,0.5812,0.01,0.4745,0.0,-0.0923,0.0438,-0.0923,0.0,0.908,-5.041,0.9262,-1.845,0.9082,-1.489,0.8351,-1.818,0.4985,Indices,,,
GER30,2981,4.063,123.182,-0.6793,12.6769,0.0,True,0.8767,0.01,0.8278,0.0,-0.081,0.0385,-0.081,1e-06,0.9186,-4.442,0.941,-1.471,0.9455,-0.881,0.8952,-1.152,0.532,Indices,,,
GER40,2995,4.001,122.996,-0.6783,12.6982,0.0,True,0.8639,0.01,0.8129,0.0,-0.0814,0.0383,-0.0814,1e-06,0.9183,-4.471,0.9399,-1.501,0.9447,-0.896,0.8959,-1.147,0.5258,Indices,,,
HK50,2952,1.258,146.998,-0.0275,8.3304,0.0,True,0.2033,0.01,0.1421,0.0,-0.0836,0.0129,-0.0836,0.000948,0.9166,-4.529,0.8754,-3.09,0.8522,-2.378,0.8001,-2.185,0.5368,Indices,,,
JP225,2998,5.245,135.569,-0.4466,7.2749,0.0,True,0.9884,0.01,0.9673,0.0,-0.0932,0.036,-0.0932,0.0,0.907,-5.093,0.8775,-3.061,0.8253,-2.832,0.7575,-2.672,0.5364,Indices,,,
NAS100,2998,7.411,136.955,-0.0757,7.3621,0.0,True,0.9516,0.01,0.9207,0.0,-0.1081,0.0161,-0.1081,0.0,0.892,-5.911,0.8299,-4.251,0.776,-3.633,0.746,-2.799,0.5262,Indices,"[0.4774337361155479, 0.5567409269014555]",False,False
NETH25,3837,3.797,108.457,-0.6302,11.7296,0.0,True,0.8307,0.01,0.8278,0.0,-0.0831,0.0172,-0.0831,0.0,0.9166,-5.169,0.9163,-2.367,0.8849,-2.112,0.8176,-2.273,0.5086,Indices,,,
SP500,2998,4.907,109.338,-0.1835,14.7183,0.0,True,0.957,0.01,0.946,0.0,-0.1108,0.0308,-0.1108,0.0,0.8894,-6.058,0.8509,-3.727,0.8078,-3.118,0.781,-2.413,0.5334,Indices,"[0.4800312150053552, 0.5723184080017417]",False,False
STOXX50,2982,3.043,124.551,-0.9077,14.2741,0.0,True,0.8336,0.01,0.7657,0.0,-0.0954,0.0421,-0.0954,0.0,0.9045,-5.218,0.9087,-2.277,0.8823,-1.903,0.8189,-1.989,0.5173,Indices,,,
SWISS20,1558,2.326,86.534,-0.0916,4.0134,0.0,True,0.3493,0.01,0.3493,0.0,-0.0254,0.0511,-0.0254,0.328571,0.9747,-0.997,0.9799,-0.363,1.0073,0.086,0.9182,-0.649,0.5041,Indices,,,
UK100,2976,2.161,100.258,-0.9861,16.7166,0.0,True,0.8377,0.01,0.6891,0.0,-0.1118,0.059,-0.1119,0.0,0.888,-6.108,0.8662,-3.332,0.8333,-2.694,0.7588,-2.648,0.4966,Indices,,,
US2000,1592,4.692,140.521,0.19,2.0993,0.0,True,0.4029,0.01,0.4029,0.0,-0.0379,-0.0008,-0.0379,0.735923,0.9627,-1.489,0.919,-1.475,0.8598,-1.656,0.7946,-1.649,0.5349,Indices,,,
GAUCNH,441,9.701,149.135,-0.6507,4.1692,0.0,True,0.2704,0.01,0.2704,2.3e-05,-0.0009,0.0551,-0.0009,0.590935,1.0014,0.029,0.9125,-0.839,0.8261,-1.081,0.8379,-0.685,0.5768,Metals,,,
GAUUSD,426,11.907,155.769,-0.6058,3.7195,0.0,True,0.3332,0.01,0.3332,0.0,-0.0007,0.0573,-0.0007,0.638199,1.0,0.001,0.9086,-0.861,0.8088,-1.169,0.7964,-0.846,0.5566,Metals,,,
XAGAUD,944,13.172,231.204,-1.9869,21.628,0.0,True,0.8452,0.01,0.8452,0.0,-0.0237,0.0013,-0.0237,0.710156,0.9756,-0.749,0.9278,-1.012,0.8755,-1.133,0.8315,-1.042,0.5362,Metals,,,
XAGEUR,944,13.047,241.257,-1.8831,19.8356,0.0,True,0.867,0.01,0.867,0.0,-0.0264,-0.0014,-0.0264,0.764245,0.9733,-0.822,0.9191,-1.134,0.858,-1.292,0.8167,-1.133,0.5402,Metals,,,
XAGSGD,944,13.309,242.949,-1.8801,20.1127,0.0,True,0.8627,0.01,0.8627,0.0,-0.0263,-0.0029,-0.0263,0.748998,0.9734,-0.817,0.9241,-1.064,0.8613,-1.262,0.8206,-1.109,0.5425,Metals,,,
XAGUSD,1576,7.891,232.675,-1.4559,16.5925,0.0,True,0.9654,0.01,0.9115,0.0,-0.0301,-0.0208,-0.0302,0.429743,0.9568,-1.714,0.8982,-1.845,0.8208,-2.107,0.7803,-1.755,0.498,Metals,"[0.43161801604869643, 0.5949865108128051]",False,False
XAUAUD,944,9.005,109.549,-0.5376,5.036,0.0,True,0.7653,0.01,0.82,0.0,-0.0108,0.0562,-0.0108,0.249714,0.9892,-0.333,0.9215,-1.101,0.8959,-0.947,0.8285,-1.06,0.552,Metals,,,
XAUCNH,959,9.119,117.362,-0.6086,5.8658,0.0,True,0.7654,0.01,0.8205,0.0,-0.0072,0.0507,-0.0072,0.217989,0.9938,-0.191,0.9055,-1.335,0.8515,-1.362,0.8085,-1.193,0.5342,Metals,,,
XAUEUR,944,8.671,113.38,-0.4802,5.4707,0.0,True,0.8973,0.01,0.8992,0.0,-0.0049,0.0539,-0.0049,0.157283,0.9951,-0.151,0.9113,-1.243,0.8573,-1.298,0.7852,-1.328,0.5294,Metals,,,
XAUGBP,944,8.468,113.017,-0.4936,5.6287,0.0,True,0.9126,0.01,0.9122,0.0,-0.0051,0.0482,-0.0051,0.537654,0.9944,-0.173,0.9268,-1.026,0.8723,-1.162,0.8329,-1.033,0.545,Metals,,,
XAUSGD,944,8.899,113.233,-0.5997,6.1133,0.0,True,0.8784,0.01,0.8883,0.0,-0.0007,0.0573,-0.0007,0.178428,0.9994,-0.019,0.918,-1.149,0.8743,-1.144,0.8119,-1.163,0.5556,Metals,,,
XAUUSD,1576,5.833,111.787,-0.4724,4.9572,0.0,True,0.9928,0.01,0.9822,0.0,-0.0021,0.027,-0.0021,0.160437,0.9977,-0.091,0.9276,-1.311,0.8711,-1.515,0.8438,-1.248,0.526,Metals,"[0.5068550300139016, 0.6166289703636155]",True,False
XPDUSD,942,-0.023,249.97,-0.1604,4.0734,0.0,True,0.1817,0.01,0.1458,0.0,-0.0691,-0.0323,-0.0692,0.223173,0.9318,-2.094,0.9151,-1.19,0.8119,-1.71,0.6667,-2.059,0.506,Metals,,,
XPTUSD,1577,8.39,208.222,-0.5476,5.7912,0.0,True,0.5043,0.01,0.4848,0.0,-0.031,-0.0301,-0.031,0.435373,0.9696,-1.209,0.9174,-1.498,0.8148,-2.179,0.8079,-1.535,0.5531,Metals,"[0.47161612902697436, 0.6000596261613771]",False,False
ALUMINIUM,1565,5.351,142.262,-0.1605,3.0268,0.0,True,0.1805,0.01,0.1805,0.0,-0.0084,0.0043,-0.0084,0.451961,0.992,-0.317,0.9435,-1.02,0.9144,-1.004,0.879,-0.963,0.5542,Energy_Base,,,
COPPER,1565,6.274,133.737,-0.2383,1.7224,0.0,True,0.7163,0.01,0.5989,0.0,-0.0502,-0.0066,-0.0503,0.157515,0.9497,-1.99,0.8836,-2.102,0.8538,-1.713,0.8273,-1.374,0.5653,Energy_Base,"[0.43363038530871917, 0.5971915624322733]",False,False
GAS,1591,7.565,374.318,0.0724,3.3496,0.0,True,0.1842,0.01,0.2476,0.0,-0.0386,-0.0302,-0.0386,0.027891,0.9618,-1.523,1.0318,0.58,1.04,0.473,1.0565,0.454,0.5661,Energy_Base,,,
LEAD,1578,1.049,121.356,0.2155,2.904,0.0,True,0.003,0.01,0.0032,0.0,-0.0051,0.057,-0.0051,0.072116,0.9953,-0.186,0.9464,-0.972,0.9446,-0.651,0.819,-1.447,0.4508,Energy_Base,,,
NICKEL,1578,8.103,351.667,4.9335,241.3253,0.0,True,0.0983,0.01,0.0015,0.0,0.0185,-0.0312,0.0185,0.0,1.0191,0.759,0.8383,-2.932,0.8032,-2.316,0.7996,-1.602,0.5347,Energy_Base,,,
UKBRENT,2561,5.7,243.018,-0.5949,15.3352,0.0,True,0.1172,0.01,0.2075,0.0,0.0198,0.0089,0.0198,0.091471,1.02,1.011,1.0091,0.209,1.0343,0.514,1.0261,0.266,0.5868,Energy_Base,"[0.4872971176828056, 0.6010089741639663]",False,False
USWTI,2560,7.801,309.941,-1.0254,55.3593,0.0,True,0.0502,0.01,0.0801,0.0,0.0811,0.0703,0.0811,0.0,1.0814,4.121,1.0292,0.675,1.1218,1.825,1.0804,0.819,0.5954,Energy_Base,,,
ZINC,1565,5.079,158.104,-0.0985,2.2962,0.0,True,0.1206,0.0279,0.1206,0.0,0.0015,-0.0021,0.0015,0.897489,1.0016,0.062,1.0106,0.191,1.0185,0.217,0.9238,-0.606,0.5242,Energy_Base,,,
