pair,a,b,coint_p,adf_p,hedge_ratio,half_life_days,n_obs
CADCHF~USDCAD,CADCHF,USDCAD,4.292533296708824e-05,5.314430653214389e-06,-0.5132,16.1,1260
USDCHF~USDMXN,USDCHF,USDMXN,8.512675376475642e-05,1.1046771189339633e-05,0.1589,19.0,1260
CADCHF~USDNOK,CADCHF,USDNOK,0.00015570626240281248,2.1088125942321654e-05,-0.1895,17.9,1260
NZDUSD~ZARJPY,NZDUSD,ZARJPY,0.00041261728236523655,6.055485724373989e-05,0.5469,14.8,813
CADCHF~EURUSD,CADCHF,EURUSD,0.0004322553100882601,6.347939679028198e-05,0.1051,19.8,1258
CADCHF~NZDUSD,CADCHF,NZDUSD,0.0004591126795470362,6.785942594349532e-05,0.1674,19.7,1259
CADCHF~USDZAR,CADCHF,USDZAR,0.0005508060306881922,8.268559640495652e-05,-0.1011,20.2,1259
CHFJPY~GBPSEK,CHFJPY,GBPSEK,0.0006898371417134502,0.00010055297794744507,-0.3169,18.1,821
USDCHF~USDZAR,USDCHF,USDZAR,0.0008056939465807444,0.00012519526779758037,0.1444,21.0,1259
CADCHF~GBPCAD,CADCHF,GBPCAD,0.0009038282832928289,0.00014186125955665415,-0.1167,21.4,1260
CADCHF~GBPNZD,CADCHF,GBPNZD,0.0009052085017130138,0.00014218746614546,-0.0653,21.1,1260
CADCHF~GBPAUD,CADCHF,GBPAUD,0.0009065207135187384,0.00014232927639647137,-0.0842,21.1,1260
CADCHF~EURJPY,CADCHF,EURJPY,0.0009329760931602974,0.00014699782904520518,0.0737,21.2,1260
CADCHF~EURGBP,CADCHF,EURGBP,0.0009421845743449554,0.00014853833588439523,0.039,21.1,1260
CADCHF~NZDJPY,CADCHF,NZDJPY,0.0010932389077578993,0.0001748757932416266,0.1035,21.8,1260
GBPCHF~GBPUSD,GBPCHF,GBPUSD,0.0010939810446032674,0.00017504849649990263,0.8516,23.3,1260
CADCHF~EURCHF,CADCHF,EURCHF,0.0012607876904250476,0.00020439858236813668,0.1643,21.8,1260
EURCAD~EURCHF,EURCAD,EURCHF,0.0012697363835001676,0.00020599458415902243,0.8372,21.9,1260
GBPCAD~GBPCHF,GBPCAD,GBPCHF,0.0013135434121442165,0.00021396173640078904,1.0147,21.7,1260
CADCHF~GBPCHF,CADCHF,GBPCHF,0.0013164859389524796,0.0002144873781801386,-0.0154,21.7,1260
CADCHF~GBPUSD,CADCHF,GBPUSD,0.0014859811026558256,0.0002450490781932924,-0.0187,22.0,1260
CADCHF~GBPJPY,CADCHF,GBPJPY,0.0015087317681171694,0.0002492107354728512,-0.0045,22.0,1260
AUDCHF~AUDUSD,AUDCHF,AUDUSD,0.0015405464469560354,0.00025496779369339425,0.7518,22.7,1260
CADCHF~CHFJPY,CADCHF,CHFJPY,0.0015671778010977768,0.0002598858858443657,0.0034,22.0,1260
CADJPY~CHFJPY,CADJPY,CHFJPY,0.0016904144764189363,0.000282517010508714,1.0045,22.2,1260
CADCHF~USDMXN,CADCHF,USDMXN,0.0016990273493681042,0.0002841273062423735,-0.01,22.2,1260
CADCHF~USDJPY,CADCHF,USDJPY,0.0017903221313042036,0.0003010048434696879,0.0192,22.3,1260
AUDCAD~ZARJPY,AUDCAD,ZARJPY,0.0018748052363804473,0.00031801700048766343,0.4475,17.7,813
EURZAR~NZDCAD,EURZAR,NZDCAD,0.0019113295294531799,0.0003248132304424293,-1.1614,15.3,822
USDCHF~USDNOK,USDCHF,USDNOK,0.0019559430807779524,0.0003321147203966308,0.3332,22.2,1260
CADCHF~CADJPY,CADCHF,CADJPY,0.001962751637847915,0.0003331267058172125,0.1495,23.4,1260
CADCHF~NZDCAD,CADCHF,NZDCAD,0.0020853288960666185,0.00035624624289319097,-0.0678,22.7,1260
CADCHF~EURNZD,CADCHF,EURNZD,0.002165650303533561,0.00037157766814823487,-0.0732,22.8,1260
CADCHF~EURNOK,CADCHF,EURNOK,0.002194381959214676,0.00037699939237620194,-0.1328,22.5,1260
CHFJPY~USDJPY,CHFJPY,USDJPY,0.0022655451034394145,0.00038992992240801413,1.0175,25.8,1260
USDCHF~USDJPY,USDCHF,USDJPY,0.0023191560911698496,0.0004001626478031179,-0.0182,25.7,1260
AUDCHF~NZDUSD,AUDCHF,NZDUSD,0.00234093641331164,0.00040509402355621047,0.6496,23.0,1259
NZDCAD~NZDCHF,NZDCAD,NZDCHF,0.0025918391440420924,0.00045338525769753686,0.78,23.5,1260
CADCHF~NZDCHF,CADCHF,NZDCHF,0.0026582920065382812,0.00046631181327511085,0.2198,23.6,1260
USDCAD~USDCHF,USDCAD,USDCHF,0.002786607844257684,0.0004912562037766874,0.9274,23.7,1260
CADCHF~USDCHF,CADCHF,USDCHF,0.0028352666065853864,0.0005007965711084506,0.0732,23.7,1260
NZDCAD~ZARJPY,NZDCAD,ZARJPY,0.003235200818570389,0.0005664800189656324,0.3781,22.6,813
CADCHF~EURAUD,CADCHF,EURAUD,0.003309889442472658,0.0005950871844809685,-0.1087,23.7,1260
AUDNZD~EURJPY,AUDNZD,EURJPY,0.003514926933767625,0.0006359115381033757,0.2192,26.4,1260
CADJPY~GBPSEK,CADJPY,GBPSEK,0.004271220763526292,0.0007918242863287101,-0.4309,22.5,821
NZDCHF~NZDUSD,NZDCHF,NZDUSD,0.0056729567305336456,0.001087747161695442,0.8075,26.5,1259
AUDCAD~AUDCHF,AUDCAD,AUDCHF,0.00787492078523316,0.001574896478964008,0.7112,25.5,1260
AUDCHF~USDNOK,AUDCHF,USDNOK,0.010509821760004458,0.002185386474707575,-0.5282,29.4,1260
AUDNZD~CHFJPY,AUDNZD,CHFJPY,0.011666283021661984,0.002460613237919174,0.1438,31.3,1260
CHFJPY~NOKJPY,CHFJPY,NOKJPY,0.011983529285707473,0.002493507169442168,0.3275,23.4,822
AUDNZD~GBPUSD,AUDNZD,GBPUSD,0.012183677254689891,0.0025858574257227643,0.0984,31.2,1260
AUDUSD~ZARJPY,AUDUSD,ZARJPY,0.012211946676888,0.002601268972590775,0.6164,21.2,813
AUDCHF~NZDCAD,AUDCHF,NZDCAD,0.012613321119067517,0.002701186305017498,0.6295,28.8,1260
AUDNZD~GBPJPY,AUDNZD,GBPJPY,0.012623781262627606,0.0026927923301299983,0.0702,31.6,1260
CADJPY~GBPNOK,CADJPY,GBPNOK,0.012930458512186799,0.0027678504918170225,-0.3783,28.7,821
CADCHF~EURCAD,CADCHF,EURCAD,0.01348009893596644,0.0029061063865245458,-0.2499,28.6,1260
CADCHF~NOKJPY,CADCHF,NOKJPY,0.013602193001071267,0.002942469605437941,0.1886,20.1,822
AUDNZD~CADJPY,AUDNZD,CADJPY,0.014845625040958176,0.003242577721677554,0.1311,32.5,1260
CHFJPY~NOKSEK,CHFJPY,NOKSEK,0.015455461819541343,0.0034042391298667483,-0.5076,23.0,821
CADCHF~GBPSEK,CADCHF,GBPSEK,0.015497851979104568,0.00341628374304859,-0.1108,21.3,821
AUDNZD~USDNOK,AUDNZD,USDNOK,0.015907790421897192,0.003510705758423162,-0.1159,32.8,1260
AUDNZD~GBPCHF,AUDNZD,GBPCHF,0.016164656178529378,0.0035763147343248376,0.1052,32.5,1260
NZDCHF~ZARJPY,NZDCHF,ZARJPY,0.016317425581357473,0.003624357159817507,0.4462,24.1,813
CADCHF~GBPNOK,CADCHF,GBPNOK,0.017003910582616313,0.003800344973190229,-0.1327,22.1,821
AUDNZD~GBPCAD,AUDNZD,GBPCAD,0.017100497549407494,0.0038159803691961455,0.0849,32.6,1260
AUDNZD~EURUSD,AUDNZD,EURUSD,0.017694198039485055,0.003970074293918453,0.1718,31.9,1258
USDCHF~ZARJPY,USDCHF,ZARJPY,0.01774810284223325,0.02367745316991687,-0.1006,27.7,813
EURCHF~EURUSD,EURCHF,EURUSD,0.018441740082200484,0.00416289992305172,0.7282,33.4,1258
AUDNZD~GBPNZD,AUDNZD,GBPNZD,0.018584823030482322,0.004200894052922365,0.1231,32.8,1260
GBPNOK~NOKJPY,GBPNOK,NOKJPY,0.01858971574762818,0.004212195942405775,-0.4036,28.2,821
AUDNZD~USDCHF,AUDNZD,USDCHF,0.0187403039449866,0.00424152973172544,-0.168,32.8,1260
AUDNZD~USDJPY,AUDNZD,USDJPY,0.019028573322592668,0.004316354153721953,0.1438,33.5,1260
GBPAUD~GBPNZD,GBPAUD,GBPNZD,0.01996701831315808,0.00456414409289629,0.8769,33.2,1260
CHFJPY~GBPNOK,CHFJPY,GBPNOK,0.020941118802082336,0.004650323985670353,-0.2419,24.9,821
GBPAUD~GBPSEK,GBPAUD,GBPSEK,0.021432361588274714,0.004963416228716856,0.8838,24.9,821
AUDNZD~GBPAUD,AUDNZD,GBPAUD,0.021803829834416033,0.0050543714144848356,0.0577,33.5,1260
GBPJPY~NOKJPY,GBPJPY,NOKJPY,0.021951915642768622,0.005105969632868329,0.595,29.0,822
AUDNZD~USDMXN,AUDNZD,USDMXN,0.022190574657008456,0.0051573828306453705,-0.0543,34.5,1260
CADCHF~NOKSEK,CADCHF,NOKSEK,0.024207980155800505,0.0057213200107890435,-0.0977,22.5,821
AUDNZD~EURCAD,AUDNZD,EURCAD,0.026178676499885065,0.006252705013834891,0.1041,34.3,1260
GBPJPY~ZARJPY,GBPJPY,ZARJPY,0.02680987267236868,0.00644061542788186,0.3803,26.8,813
AUDNZD~EURGBP,AUDNZD,EURGBP,0.02731150197993173,0.0065685056392908005,-0.0436,35.3,1260
EURAUD~EURNOK,EURAUD,EURNOK,0.027408359285965835,0.006588391083505099,1.0035,28.2,1260
AUDNZD~USDCAD,AUDNZD,USDCAD,0.027499091473170142,0.0066213952249600345,-0.1241,35.2,1260
NOKJPY~USDNOK,NOKJPY,USDNOK,0.02884294225372302,0.007096585377047305,-1.0335,28.0,822
AUDNZD~EURCHF,AUDNZD,EURCHF,0.030394650527372943,0.007445103336606216,0.1451,35.4,1260
AUDCHF~NOKJPY,AUDCHF,NOKJPY,0.030446611953474274,0.007477311896035754,0.6941,26.6,822
AUDNZD~AUDUSD,AUDNZD,AUDUSD,0.030566730689850705,0.00749277548057989,0.0912,36.4,1260
CADCHF~EURZAR,CADCHF,EURZAR,0.031545205741412424,0.007794528060764908,0.0128,23.5,822
CADCHF~ZARJPY,CADCHF,ZARJPY,0.03213406425686222,0.00796359743519793,0.0681,24.1,813
AUDNZD~EURAUD,AUDNZD,EURAUD,0.032670680891810334,0.008103236878571432,0.0265,35.9,1260
AUDNZD~USDZAR,AUDNZD,USDZAR,0.03417566185571407,0.008543110593606412,-0.0062,36.5,1259
EURGBP~EURZAR,EURGBP,EURZAR,0.034554711219885265,0.008706558473101918,0.1558,25.0,822
AUDNZD~EURNZD,AUDNZD,EURNZD,0.03533054631840719,0.008887976282706272,0.2044,35.2,1260
AUDNZD~EURNOK,AUDNZD,EURNOK,0.035709997697220316,0.008996835196487113,0.0142,36.6,1260
CADJPY~NOKJPY,CADJPY,NOKJPY,0.03582054042873022,0.009049991928963856,0.5177,28.4,822
AUDNZD~NZDJPY,AUDNZD,NZDJPY,0.035972637295195106,0.00907463439079591,-0.0039,36.7,1260
AUDJPY~GBPSEK,AUDJPY,GBPSEK,0.036110821625504386,0.009132349032035582,-1.0426,26.7,821
GBPNOK~NZDJPY,GBPNOK,NZDJPY,0.0363167482492361,0.009213542874696787,-0.3688,27.9,821
AUDNZD~CADCHF,AUDNZD,CADCHF,0.037066443356237565,0.009400607250651479,0.0648,37.1,1260
AUDJPY~NZDJPY,AUDJPY,NZDJPY,0.037335712575728326,0.009481374710348487,0.9975,37.0,1260
AUDNZD~NZDCHF,AUDNZD,NZDCHF,0.03765251402556448,0.00958081811039222,-0.2373,35.5,1260
EURAUD~EURNZD,EURAUD,EURNZD,0.04045474080434462,0.010428617461223387,0.7965,36.2,1260
EURZAR~NZDCHF,EURZAR,NZDCHF,0.04050649076498404,0.010469194422843588,-1.0935,26.3,822
GBPJPY~GBPSEK,GBPJPY,GBPSEK,0.04242820360374757,0.011026394539133006,-0.1602,35.7,821
AUDCAD~NZDCHF,AUDCAD,NZDCHF,0.042585658442830236,0.011083619278139827,0.5451,36.4,1260
AUDCHF~NZDCHF,AUDCHF,NZDCHF,0.04298310747563249,0.011205445511585933,0.7651,36.4,1260
AUDUSD~NOKJPY,AUDUSD,NOKJPY,0.04346807914646386,0.011364717742423659,0.805,28.5,822
CADJPY~NOKSEK,CADJPY,NOKSEK,0.044133596920016824,0.011571985067203984,-0.6084,28.2,821
EURNOK~NZDJPY,EURNOK,NZDJPY,0.04530786313237849,0.011924844925532259,-0.4941,38.8,1260
