signal,horizon,ic_mean,ic_t,gross_bps,cost_bps,net_bps,net_sharpe,n_rebal
pdrange_rev,1h,0.022867233256073642,4.195895100858641,1.1221363034911676,0.3133475044107939,0.8087887990803736,7.757194954629261,4893
vwap_rev,1h,0.05185635351266787,9.486274584208964,1.0482626326480444,0.4325604724830333,0.615702160165011,7.756671500179254,4893
rsi_rev,1h,0.04387233605414049,7.5510700995800075,1.2373724310997318,0.6094634811958717,0.6279089499038604,5.980638096105191,4893
rev_2h,1h,0.0461655286934654,7.815770866450878,1.5704671834865698,0.8681757226772758,0.7022914608092942,5.756271970709679,4832
vwap_rev,4h,0.06939965198199435,12.636529127971784,2.4616518186165357,0.8530179337752009,1.6086338848413344,5.693909310294651,1223
rev_4h,1h,0.035186860790334715,6.013839225123922,1.2126642674175299,0.6553653809935853,0.5572988864239443,5.179976846592301,4832
rev_8h,1h,0.03138771343524108,5.485361670220278,0.8669043254813216,0.46867283455422065,0.3982314909271009,4.64414449741375,4832
rev_1h,4h,0.03593183844982167,6.234785261753053,2.7194972840333125,1.1917300333718395,1.5277672506614735,4.442470301472442,1208
rev_1h,1h,0.04293003108235331,7.17490267276223,1.669529635231816,1.1493026697106412,0.5202269655211751,4.0011888244160625,4832
rev_24h,1h,0.014756347333535006,2.672952747020357,0.5520811124905655,0.2554535697302418,0.29662754276032355,3.8839694625853363,4832
rev_2h,4h,0.036647801820673065,6.38706682903024,2.4186404037284013,1.177204180820639,1.2414362229077625,3.6773912546129734,1208
pdrange_rev,4h,0.02198758764425908,3.987364269379801,1.6886137554826315,0.5951428212625062,1.0934709342201256,3.4210750636269123,1223
rev_4h,4h,0.03630024668296789,6.263132646928886,2.1660277709406675,1.2014977869116816,0.9645299840289865,3.1466096326624173,1208
rev_8h,4h,0.03087199652533229,5.441469599371737,1.6417414334641838,0.8466769905077606,0.7950644429564233,2.8530208697595905,1208
rsi_rev,4h,0.036815592254546545,6.427846120796801,1.8743771789571417,0.9822758200337689,0.8921013589233727,2.7491726602449824,1223
vwap_rev,2d,0.09183674962604184,17.093343675024787,8.192947701690041,2.481487177715511,5.711460523974532,2.0417330540333847,101
vwap_rev,1d,0.10511222693508855,19.230854059322684,4.825697007444554,2.582713106544491,2.2429839009000627,1.5695936665530954,203
rev_24h,1d,0.03223663347837021,5.8958957079432475,2.7122593611059584,0.8992750620602681,1.8129842990456901,1.3855006344004983,201
rev_24h,2d,0.033944421693502494,6.088523692174797,4.811265154479089,0.8713300110299556,3.9399351434491323,1.3601369035376483,100
rev_24h,4h,0.015873910641290526,2.843179626930661,0.8613812889602795,0.4951018842142906,0.366279404745989,1.359972011411811,1208
vol_exp,5d,-0.012329537401065757,-3.1961793870832267,8.162019161797035,1.3364399137619167,6.825579248035117,0.8873525554039543,40
vwap_rev,5d,0.03932692120675532,7.51312271831008,6.935889416222379,2.414290343214901,4.5215990730074775,0.8058655407162887,40
tickvol,1d,-0.008038869648755305,-1.8871352117025755,2.156258298193361,0.9546997842125593,1.2015585139808018,0.7930401964150455,203
mom_480h,5d,-0.00531538292149166,-0.9933502687271032,5.977323905083683,1.1080118635992522,4.869312041484431,0.7860549158266613,36
xsmom_480h,5d,-0.00531538292149166,-0.9933502687271032,5.977323905083683,1.1080118635992522,4.86931204148443,0.7860549158266613,36
rev_1h,1d,0.011420402153385429,2.0594071411195447,1.8732599509989583,0.8793125012597657,0.9939474497391926,0.7656559779789831,201
tickvol,5d,-0.0044510105262340035,-1.027999492180271,5.39250326685084,0.8742983379362539,4.518204928914585,0.7397643715912329,40
carry_proxy,5d,-0.00531538292149166,-0.9933502687271032,4.529462700051909,1.0580993017169231,3.4713633983349883,0.5936237965973873,36
pdrange_rev,2d,0.02942718786800551,5.375559984099751,4.024538799126704,2.4403698549221833,1.584168944204521,0.5704630238738919,101
donch_24h,5d,-0.0097350040470469,-1.8436840262856622,5.279262752890338,2.225053710600436,3.054209042289903,0.502689926905362,40
mom_24h,5d,0.01330738343138394,2.5960429652505317,1.9872442916236792,0.8448392602439998,1.1424050313796776,0.22138473631713992,40
xsmom_24h,5d,0.01330738343138394,2.5960429652505317,1.9872442916236785,0.8448392602439998,1.1424050313796763,0.22138473631713965,40
xsmom_120h,5d,-0.005187059686782455,-0.9382086264600339,1.7347022288001672,2.115058727990726,-0.380356499190557,-0.05813711195756045,39
mom_120h,5d,-0.005187059686782455,-0.9382086264600339,1.734702228800167,2.115058727990726,-0.3803564991905577,-0.058137111957560564,39
tickvol,2d,-0.005903975223174321,-1.3608547675058362,0.5560103259892938,0.7717557274053354,-0.2157454014160423,-0.06660591006277362,101
vol_exp,2d,0.0005027942808704793,0.12726784424595897,1.3146998995193278,1.576946715840475,-0.2622468163211467,-0.07476975686415152,101
rev_8h,1d,0.017802396662220908,3.197035093392991,0.695347793906713,0.8368263876722329,-0.14147859376552033,-0.10942075570582238,201
h4_trend,1d,-0.01864554658492023,-3.482082893711462,0.06540450127943342,0.2634343314252764,-0.1980298301458425,-0.1516136907406059,182
h4_trend,2d,-0.009706879417101459,-1.8610519077941812,-0.1871822901125793,0.352228213075711,-0.5394105031882919,-0.18727946498584921,91
rsi_rev,2d,0.026239349032069148,4.782836238660406,1.7113541504885375,2.3042103456888547,-0.5928561952003181,-0.19435286920323283,101
vol_exp,1d,-0.0006706483102114522,-0.1679405172938946,0.7668519280788756,1.6323149717300716,-0.8654630436511973,-0.4562481713755014,203
rev_2h,5d,0.004715890543723176,0.8737858221172291,-1.4262835783678036,0.8196638765453692,-2.2459474549131735,-0.4582899644316567,40
mom_480h,2d,-0.004436300874444018,-0.8464577619743604,-0.30870252954392025,0.8456017538553339,-1.154304283399254,-0.46556769190778924,91
xsmom_480h,2d,-0.004436300874444018,-0.8464577619743604,-0.3087025295439204,0.8456017538553339,-1.1543042833992547,-0.46556769190778946,91
rev_4h,2d,0.0251303823130321,4.527882754004347,-0.4183048465243682,0.8237617726358382,-1.242066619160206,-0.46603190511124,100
rev_8h,2d,0.02845514443111929,5.109718153863188,-0.5358999033737551,0.8207287822338662,-1.3566286856076208,-0.47356198329573473,100
rev_4h,5d,0.003172226996655746,0.5865942008553844,-1.6614228849484363,0.85590686595277,-2.5173297509012063,-0.4857311778057475,40
rev_24h,5d,-0.01330738343138394,-2.5960429652505317,-1.9872442916236792,0.8448392602439998,-2.832083551867677,-0.5489045297277158,40
rev_1h,5d,0.0048104108902743805,0.9023082613841309,-2.05715015364585,0.8370988834675244,-2.8942490371133736,-0.5740967171864245,40
xsmom_120h,2d,0.007441037686492926,1.3750596100769839,0.1929315440140753,1.7366324195663607,-1.5437008755522852,-0.5813063235430194,99
mom_120h,2d,0.007441037686492926,1.3750596100769839,0.19293154401407472,1.7366324195663607,-1.5437008755522859,-0.5813063235430196,99
h4_trend,5d,-0.0021122515137753073,-0.37748631303861013,-4.273522452526655,0.5170037486292574,-4.79052620115591,-0.613533237398546,36
xsmom_480h,1d,-0.008329860234181273,-1.5318453546526716,-0.22121912669048555,0.6068368215655829,-0.8280559482560688,-0.6864220951136178,183
mom_480h,1d,-0.008329860234181273,-1.5318453546526716,-0.22121912669048593,0.6068368215655829,-0.828055948256069,-0.6864220951136181,183
donch_120h,5d,0.002295277708831834,0.41601806329328056,-1.7256125702189395,2.2451368841617287,-3.9707494543806705,-0.7100526658714841,38
rev_1h,2d,0.01488074695507084,2.714831970714896,-0.9312322669547141,0.8736666328610319,-1.8048988998157456,-0.7133138230302557,100
rsi_rev,5d,-0.005235047650532774,-0.9901063044664734,-2.5506219122350955,2.0472188801517506,-4.597840792386845,-0.7665776854431533,40
rev_8h,5d,-0.0001570248854931963,-0.029162448013181894,-4.043111309640354,0.8392703805171567,-4.88238169015751,-0.8275117761965152,40
rev_2h,2d,0.01920272177215104,3.4879758069584907,-1.301158555878866,0.8766676911857374,-2.1778262470646035,-0.8566321787394441,100
carry_proxy,2d,-0.004436300874444018,-0.8464577619743604,-1.4229382346860737,0.8128327512797703,-2.2357709859658437,-0.9555625572214262,91
rev_2h,1d,0.013442218751539977,2.4151287358162685,-0.33388588199513936,0.8642223004411063,-1.198108182436245,-0.9631038313706143,201
mom_120h,1d,0.005515698719382823,1.018298342501471,-0.14674860963160155,1.1503136003154357,-1.2970622099470368,-1.0226583921555288,198
xsmom_120h,1d,0.005515698719382823,1.018298342501471,-0.1467486096316011,1.1503136003154357,-1.2970622099470366,-1.0226583921555288,198
rev_4h,1d,0.015771552642205585,2.8023112406707784,-0.6634028945549227,0.8424729815998887,-1.5058758761548117,-1.1918029242280774,201
carry_proxy,1d,-0.008329860234181273,-1.5318453546526716,-0.8072838042566459,0.5977637858388867,-1.4050475900955333,-1.2354417256516432,183
mom_480h,4h,0.0017522777823842377,0.31432550381716645,-0.15598135854906975,0.16288711908446774,-0.3188684776335376,-1.300872213686433,1103
xsmom_480h,4h,0.0017522777823842377,0.31432550381716645,-0.15598135854906983,0.16288711908446774,-0.31886847763353754,-1.300872213686433,1103
pdrange_rev,5d,-0.020692914228846525,-4.074019743955415,-5.496736156814228,2.20566536398089,-7.702401520795118,-1.3217835109296758,40
rsi_rev,1d,0.014289590698132886,2.614898989578986,0.1997726718741413,2.2621336050395544,-2.0623609331654134,-1.4377205377853746,203
vol_exp,1h,0.013834602665442746,3.5993122702047744,0.19324981279503092,0.36926972528615826,-0.17601991249112728,-1.497850767041261,4893
carry_proxy,4h,0.0017522777823842377,0.31432550381716645,-0.1952609422246373,0.1753674969378466,-0.37062843916248384,-1.5801777406361404,1103
h4_trend,4h,0.0008104562304766075,0.14877896042666017,-0.2387772052432299,0.24462580190672129,-0.48340300714995105,-1.792844542607423,1093
mom_24h,2d,-0.033944421693502494,-6.088523692174797,-4.811265154479089,0.8713300110299556,-5.682595165509045,-1.9608345059944114,100
xsmom_24h,2d,-0.033944421693502494,-6.088523692174797,-4.811265154479088,0.8713300110299557,-5.682595165509045,-1.9608345059944114,100
pdrange_rev,1d,0.02381014639502627,4.453157025703925,-0.5836179997648019,2.3900964897247046,-2.973714489489507,-2.078905766179481,203
donch_120h,2d,-0.023036080031592035,-4.136692492513733,-2.5424000581965753,2.29711741000529,-4.839517468201865,-2.1346312971738644,96
xsmom_120h,4h,0.003051685888708873,0.5501260685761846,-0.2984470142180525,0.2466573822168024,-0.5451043964348549,-2.1823604529185983,1193
mom_120h,4h,0.003051685888708873,0.5501260685761846,-0.2984470142180525,0.2466573822168024,-0.5451043964348549,-2.1823604529185987,1193
vol_exp,4h,0.015945274285992968,4.054989491972101,0.26172440877221714,0.9938770553672357,-0.7321526465950186,-2.2834784680650237,1223
donch_120h,1d,-0.0337203459443647,-6.067731505287368,-1.3580962396676795,1.7958939682709312,-3.1539902079386106,-2.4716336067020146,193
donch_24h,1d,-0.0591119671169696,-10.831994365493996,-0.7070901166718149,2.810467765802111,-3.5175578824739264,-2.641144893251713,201
donch_24h,2d,-0.05882228373020118,-10.43275534961367,-4.249401109256906,2.801779627707526,-7.051180736964431,-2.707647274750274,100
mom_24h,1d,-0.03223663347837021,-5.8958957079432475,-2.7122593611059584,0.8992750620602681,-3.6115344231662267,-2.76245721517214,201
xsmom_24h,1d,-0.03223663347837021,-5.8958957079432475,-2.7122593611059593,0.8992750620602682,-3.6115344231662276,-2.762457215172141,201
xsmom_480h,1h,-0.00021928006828368998,-0.04005858739502596,-0.11139069004585272,0.0787759678727728,-0.19016665791862553,-2.8516608182353558,4412
mom_480h,1h,-0.00021928006828368998,-0.04005858739502596,-0.11139069004585272,0.0787759678727728,-0.19016665791862553,-2.8516608182353558,4412
carry_proxy,1h,-0.00021928006828368998,-0.04005858739502596,-0.1212768252560891,0.09166863487256234,-0.21294546012865145,-3.3301796816288007,4412
h4_trend,1h,-0.0001934431366268023,-0.035943172524845725,-0.16884805742970105,0.10196107270142808,-0.27080913013112917,-3.9493319840474466,4373
tickvol,4h,0.005082765049931548,1.194749330191185,-0.0972363155125641,1.1394492799857079,-1.2366855954982718,-4.149530366990124,1223
mom_120h,1h,0.0006800358785052708,0.12337103999818343,-0.22144165843836863,0.12139526188281813,-0.3428369203211868,-4.900384026363574,4772
xsmom_120h,1h,0.0006800358785052708,0.12337103999818343,-0.22144165843836863,0.12139526188281813,-0.3428369203211868,-4.900384026363575,4772
mom_24h,4h,-0.015873910641290526,-2.843179626930661,-0.8613812889602795,0.4951018842142906,-1.3564831731745703,-4.933495138633577,1208
xsmom_24h,4h,-0.015873910641290526,-2.843179626930661,-0.8613812889602795,0.49510188421429063,-1.3564831731745703,-4.933495138633577,1208
tickvol,1h,0.007977361981211583,1.8790086629475082,0.09330180094998794,0.695245749121749,-0.6019439481717611,-5.100554467713703,4893
donch_120h,4h,-0.02307480963341587,-3.9716033390617156,-1.1770528583238118,0.31470348349578026,-1.491756341819592,-6.107222225143988,1163
donch_120h,1h,-0.01610303181431548,-2.7883385995497396,-0.47202003752005495,0.14513533162256248,-0.6171553691426175,-8.821425259968686,4655
mom_24h,1h,-0.014756347333535006,-2.672952747020357,-0.5520811124905655,0.2554535697302418,-0.8075346822208073,-10.25790620792141,4832
xsmom_24h,1h,-0.014756347333535006,-2.672952747020357,-0.5520811124905655,0.2554535697302418,-0.8075346822208073,-10.25790620792141,4832
donch_24h,4h,-0.05359806171554975,-9.533229085968467,-2.186009470874206,0.6376883267117859,-2.823697797585992,-10.764584830042851,1211
donch_24h,1h,-0.044475176118390705,-7.859320165328216,-0.8414728383086924,0.31235805942270817,-1.1538308977314005,-15.421295703911873,4847
