symbol,timeframe,n_bars,first,last,frac_nominal,pure_start,n_pure,n_padded,padded_modal_seconds,dup_timestamps,ohlc_violations,zero_spread_pct,padded_pct,padded_span_pct
ADAUSD,15m,99999,2023-10-27 08:00:00+00:00,2026-09-19 17:15:00+00:00,0.9987,2023-10-27 08:00:00+00:00,99999,0,,0,0,0.14,0.0,0.0
ADAUSD,1h,29102,2022-01-20 00:00:00+00:00,2026-09-19 17:00:00+00:00,0.982,2022-11-16 00:00:00+00:00,28808,294,86400.0,0,0,12.35,1.0,17.6
ADAUSD,4h,7594,2022-01-20 00:00:00+00:00,2026-09-19 16:00:00+00:00,0.941,2022-12-20 00:00:00+00:00,7268,326,86400.0,0,0,16.86,4.3,19.6
ADAUSD,d1,1602,2022-01-20 00:00:00+00:00,2026-09-19 00:00:00+00:00,0.9669,2022-01-20 00:00:00+00:00,1602,0,,0,0,38.58,0.0,0.0
ALGUSD,15m,75130,2024-05-02 00:00:00+00:00,2026-09-19 17:30:00+00:00,0.9875,2024-07-19 05:00:00+00:00,74421,709,3600.0,0,0,1.39,0.9,9.0
ALGUSD,1h,19418,2024-05-02 00:00:00+00:00,2026-09-19 17:00:00+00:00,0.9925,2024-05-02 00:00:00+00:00,19418,0,,0,0,5.37,0.0,0.0
ALGUSD,4h,4914,2024-05-02 00:00:00+00:00,2026-09-19 16:00:00+00:00,0.9853,2024-05-04 00:00:00+00:00,4912,2,,0,0,8.95,0.0,0.2
ALGUSD,d1,866,2024-05-02 00:00:00+00:00,2026-09-19 00:00:00+00:00,0.9942,2024-05-02 00:00:00+00:00,866,0,,0,0,24.25,0.0,0.0
ALUMINIUM,15m,41137,2020-07-08 00:00:00+00:00,2026-09-18 05:45:00+00:00,0.9389,2024-07-16 06:00:00+00:00,39275,1862,86400.0,0,0,5.13,4.5,64.9
ALUMINIUM,1h,11737,2020-07-08 00:00:00+00:00,2026-09-15 08:00:00+00:00,0.8641,2024-02-21 00:00:00+00:00,10822,915,86400.0,0,0,17.99,7.8,58.5
ALUMINIUM,4h,4520,2020-07-08 00:00:00+00:00,2026-09-18 01:00:00+00:00,0.7502,2024-03-12 00:00:00+00:00,3591,929,86400.0,0,0,31.62,20.6,59.3
ALUMINIUM,d1,1566,2020-07-08 00:00:00+00:00,2026-09-16 21:00:00+00:00,0.7905,2020-07-14 00:00:00+00:00,1562,4,86400.0,0,0,70.95,0.3,0.3
ARWUSD,15m,75127,2024-05-02 00:00:00+00:00,2026-09-19 17:45:00+00:00,0.9875,2024-07-19 05:00:00+00:00,74418,709,3600.0,0,0,1.28,0.9,9.0
ARWUSD,1h,19417,2024-05-02 00:00:00+00:00,2026-09-19 17:00:00+00:00,0.9924,2024-05-02 00:00:00+00:00,19417,0,,0,0,4.94,0.0,0.0
ARWUSD,4h,4914,2024-05-02 00:00:00+00:00,2026-09-19 16:00:00+00:00,0.9853,2024-05-04 00:00:00+00:00,4912,2,,0,0,7.98,0.0,0.2
ARWUSD,d1,866,2024-05-02 00:00:00+00:00,2026-09-19 00:00:00+00:00,0.9942,2024-05-02 00:00:00+00:00,866,0,,0,0,24.94,0.0,0.0
ATMUSD,15m,75252,2024-05-02 00:00:00+00:00,2026-09-19 17:30:00+00:00,0.9877,2024-07-19 05:00:00+00:00,74543,709,3600.0,0,0,1.27,0.9,9.0
ATMUSD,1h,19440,2024-05-02 00:00:00+00:00,2026-09-19 17:00:00+00:00,0.9926,2024-05-02 00:00:00+00:00,19440,0,,0,0,4.9,0.0,0.0
ATMUSD,4h,4918,2024-05-02 00:00:00+00:00,2026-09-19 16:00:00+00:00,0.9856,2024-05-04 00:00:00+00:00,4916,2,,0,0,7.83,0.0,0.2
ATMUSD,d1,866,2024-05-02 00:00:00+00:00,2026-09-19 00:00:00+00:00,0.9942,2024-05-02 00:00:00+00:00,866,0,,0,0,24.48,0.0,0.0
AU200,15m,72358,2019-02-25 00:00:00+00:00,2026-09-21 10:45:00+00:00,0.9244,2023-08-25 08:45:00+00:00,68447,3911,3600.0,0,0,7.47,5.4,59.4
AU200,1h,21543,2019-02-25 00:00:00+00:00,2026-09-15 08:00:00+00:00,0.8986,2022-11-21 00:00:00+00:00,20585,958,86400.0,0,0,21.47,4.4,49.5
AU200,4h,6529,2019-02-25 00:00:00+00:00,2026-09-21 05:00:00+00:00,0.8116,2022-11-23 00:00:00+00:00,5569,960,86400.0,0,0,34.69,14.7,49.4
AU200,d1,1951,2019-02-25 00:00:00+00:00,2026-09-20 07:00:00+00:00,0.7873,2019-02-26 00:00:00+00:00,1950,1,,0,0,71.45,0.1,0.0
AUDCAD,15m,77943,2015-02-20 00:00:00+00:00,2026-09-18 05:45:00+00:00,0.9234,2023-08-30 08:00:00+00:00,73080,4863,3600.0,0,0,11.61,6.2,73.6
AUDCAD,1h,23774,2015-02-20 00:00:00+00:00,2026-09-15 08:00:00+00:00,0.9039,2022-11-04 00:00:00+00:00,21775,1999,86400.0,0,0,30.1,8.4,66.6
AUDCAD,4h,7533,2015-02-20 00:00:00+00:00,2026-09-18 01:00:00+00:00,0.6969,2022-12-20 00:00:00+00:00,5502,2031,86400.0,0,0,47.29,27.0,67.6
AUDCAD,d1,3001,2015-02-20 00:00:00+00:00,2026-09-16 21:00:00+00:00,0.7954,2015-02-23 00:00:00+00:00,3000,1,,0,0,79.77,0.0,0.1
AUDCHF,15m,78214,2015-02-20 00:00:00+00:00,2026-09-21 10:45:00+00:00,0.9235,2023-08-30 09:00:00+00:00,73350,4864,3600.0,0,0,10.6,6.2,73.6
AUDCHF,1h,23775,2015-02-20 00:00:00+00:00,2026-09-15 08:00:00+00:00,0.904,2022-11-04 00:00:00+00:00,21776,1999,86400.0,0,0,29.19,8.4,66.6
AUDCHF,4h,7562,2015-02-20 00:00:00+00:00,2026-09-21 05:00:00+00:00,0.6961,2022-12-20 00:00:00+00:00,5531,2031,86400.0,0,0,47.21,26.9,67.6
AUDCHF,d1,3016,2015-02-20 00:00:00+00:00,2026-09-20 07:00:00+00:00,0.7918,2015-02-23 00:00:00+00:00,3015,1,,0,0,81.53,0.0,0.1
AUDCNH,15m,72292,2020-08-18 00:00:00+00:00,2026-09-18 05:45:00+00:00,0.975,2023-04-24 00:00:00+00:00,71596,696,86400.0,0,0,3.32,1.0,44.1
AUDCNH,1h,19246,2020-08-18 00:00:00+00:00,2026-09-15 08:00:00+00:00,0.95,2023-04-26 00:00:00+00:00,18548,698,86400.0,0,0,10.48,3.6,44.2
AUDCNH,4h,5429,2020-08-18 00:00:00+00:00,2026-09-18 01:00:00+00:00,0.8235,2023-07-05 00:00:00+00:00,4681,748,86400.0,0,0,23.71,13.8,47.3
AUDCNH,d1,1568,2020-08-18 00:00:00+00:00,2026-09-16 21:00:00+00:00,0.7946,2020-08-19 00:00:00+00:00,1567,1,,0,0,68.37,0.1,0.0
AUDJPY,15m,77904,2015-02-20 00:00:00+00:00,2026-09-18 05:45:00+00:00,0.9232,2023-08-30 09:00:00+00:00,73040,4864,3600.0,0,0,17.15,6.2,73.6
AUDJPY,1h,23775,2015-02-20 00:00:00+00:00,2026-09-15 08:00:00+00:00,0.904,2022-11-04 00:00:00+00:00,21776,1999,86400.0,0,0,35.43,8.4,66.6
AUDJPY,4h,7531,2015-02-20 00:00:00+00:00,2026-09-18 01:00:00+00:00,0.6967,2022-12-20 00:00:00+00:00,5500,2031,86400.0,0,0,51.49,27.0,67.6
AUDJPY,d1,3001,2015-02-20 00:00:00+00:00,2026-09-16 21:00:00+00:00,0.7954,2015-02-23 00:00:00+00:00,3000,1,,0,0,81.67,0.0,0.1
AUDNZD,15m,77897,2015-02-20 00:00:00+00:00,2026-09-18 05:45:00+00:00,0.9232,2023-08-30 09:00:00+00:00,73033,4864,3600.0,0,0,21.92,6.2,73.6
AUDNZD,1h,23775,2015-02-20 00:00:00+00:00,2026-09-15 08:00:00+00:00,0.904,2022-11-04 00:00:00+00:00,21776,1999,86400.0,0,0,40.0,8.4,66.6
AUDNZD,4h,7531,2015-02-20 00:00:00+00:00,2026-09-18 01:00:00+00:00,0.6967,2022-12-20 00:00:00+00:00,5500,2031,86400.0,0,0,55.8,27.0,67.6
AUDNZD,d1,3001,2015-02-20 00:00:00+00:00,2026-09-16 21:00:00+00:00,0.7954,2015-02-23 00:00:00+00:00,3000,1,,0,0,83.91,0.0,0.1
AUDSGD,15m,53558,2024-07-23 09:30:00+00:00,2026-09-18 05:45:00+00:00,0.9976,2024-07-23 09:30:00+00:00,53558,0,,0,0,0.05,0.0,0.0
AUDSGD,1h,13328,2024-07-23 09:00:00+00:00,2026-09-15 08:00:00+00:00,0.9911,2024-07-23 09:00:00+00:00,13328,0,,0,0,0.18,0.0,0.0
AUDSGD,4h,3349,2024-07-23 08:00:00+00:00,2026-09-18 01:00:00+00:00,0.9642,2024-07-23 08:00:00+00:00,3349,0,,0,0,0.75,0.0,0.0
AUDSGD,d1,559,2024-07-23 00:00:00+00:00,2026-09-16 21:00:00+00:00,0.7889,2024-07-24 00:00:00+00:00,558,1,,0,0,3.94,0.2,0.1
AUDUSD,15m,77908,2015-02-20 00:00:00+00:00,2026-09-18 05:45:00+00:00,0.9233,2023-08-30 08:00:00+00:00,73045,4863,3600.0,0,0,57.46,6.2,73.6
AUDUSD,1h,23775,2015-02-20 00:00:00+00:00,2026-09-15 08:00:00+00:00,0.904,2022-11-04 00:00:00+00:00,21776,1999,86400.0,0,0,68.81,8.4,66.6
AUDUSD,4h,7531,2015-02-20 00:00:00+00:00,2026-09-18 01:00:00+00:00,0.6967,2022-12-20 00:00:00+00:00,5500,2031,86400.0,0,0,78.13,27.0,67.6
AUDUSD,d1,3001,2015-02-20 00:00:00+00:00,2026-09-16 21:00:00+00:00,0.7954,2015-02-23 00:00:00+00:00,3000,1,,0,0,91.07,0.0,0.1
AVEUSD,15m,75247,2024-05-02 00:00:00+00:00,2026-09-19 17:30:00+00:00,0.9877,2024-07-19 06:00:00+00:00,74537,710,3600.0,0,0,1.16,0.9,9.0
AVEUSD,1h,19441,2024-05-02 00:00:00+00:00,2026-09-19 17:00:00+00:00,0.9926,2024-05-02 00:00:00+00:00,19441,0,,0,0,4.5,0.0,0.0
AVEUSD,4h,4918,2024-05-02 00:00:00+00:00,2026-09-19 16:00:00+00:00,0.9856,2024-05-04 00:00:00+00:00,4916,2,,0,0,6.18,0.0,0.2
AVEUSD,d1,866,2024-05-02 00:00:00+00:00,2026-09-19 00:00:00+00:00,0.9942,2024-05-02 00:00:00+00:00,866,0,,0,0,15.59,0.0,0.0
AVXUSD,15m,75338,2024-04-12 00:00:00+00:00,2026-09-19 17:15:00+00:00,0.9876,2024-07-19 06:00:00+00:00,74614,724,3600.0,0,0,1.21,1.0,11.0
AVXUSD,1h,19471,2024-04-12 00:00:00+00:00,2026-09-19 17:00:00+00:00,0.9921,2024-04-12 00:00:00+00:00,19471,0,,0,0,4.66,0.0,0.0
AVXUSD,4h,4934,2024-04-12 00:00:00+00:00,2026-09-19 16:00:00+00:00,0.983,2024-05-04 00:00:00+00:00,4918,16,86400.0,0,0,6.89,0.3,2.5
AVXUSD,d1,880,2024-04-12 00:00:00+00:00,2026-09-19 00:00:00+00:00,0.9909,2024-04-12 00:00:00+00:00,880,0,,0,0,19.43,0.0,0.0
AXSUSD,15m,75131,2024-05-02 00:00:00+00:00,2026-09-19 17:30:00+00:00,0.9875,2024-07-19 05:00:00+00:00,74422,709,3600.0,0,0,5.68,0.9,9.0
AXSUSD,1h,19418,2024-05-02 00:00:00+00:00,2026-09-19 17:00:00+00:00,0.9925,2024-05-02 00:00:00+00:00,19418,0,,0,0,9.18,0.0,0.0
AXSUSD,4h,4913,2024-05-02 00:00:00+00:00,2026-09-19 16:00:00+00:00,0.9853,2024-05-04 00:00:00+00:00,4911,2,,0,0,12.09,0.0,0.2
AXSUSD,d1,866,2024-05-02 00:00:00+00:00,2026-09-19 00:00:00+00:00,0.9942,2024-05-02 00:00:00+00:00,866,0,,0,0,28.52,0.0,0.0
BARUSD,15m,75127,2024-05-02 00:00:00+00:00,2026-09-19 17:45:00+00:00,0.9875,2024-07-19 05:00:00+00:00,74418,709,3600.0,0,0,1.28,0.9,9.0
BARUSD,1h,19417,2024-05-02 00:00:00+00:00,2026-09-19 17:00:00+00:00,0.9924,2024-05-02 00:00:00+00:00,19417,0,,0,0,4.94,0.0,0.0
BARUSD,4h,4914,2024-05-02 00:00:00+00:00,2026-09-19 16:00:00+00:00,0.9853,2024-05-04 00:00:00+00:00,4912,2,,0,0,7.98,0.0,0.2
BARUSD,d1,866,2024-05-02 00:00:00+00:00,2026-09-19 00:00:00+00:00,0.9942,2024-05-02 00:00:00+00:00,866,0,,0,0,24.94,0.0,0.0
BATUSD,15m,75127,2024-05-02 00:00:00+00:00,2026-09-19 17:45:00+00:00,0.9875,2024-07-19 05:00:00+00:00,74418,709,3600.0,0,0,1.27,0.9,9.0
BATUSD,1h,19417,2024-05-02 00:00:00+00:00,2026-09-19 17:00:00+00:00,0.9924,2024-05-02 00:00:00+00:00,19417,0,,0,0,4.9,0.0,0.0
BATUSD,4h,4914,2024-05-02 00:00:00+00:00,2026-09-19 16:00:00+00:00,0.9853,2024-05-04 00:00:00+00:00,4912,2,,0,0,7.83,0.0,0.2
BATUSD,d1,866,2024-05-02 00:00:00+00:00,2026-09-19 00:00:00+00:00,0.9942,2024-05-02 00:00:00+00:00,866,0,,0,0,24.48,0.0,0.0
BCHUSD,15m,99999,2023-10-27 07:00:00+00:00,2026-09-19 17:15:00+00:00,0.9986,2023-10-27 07:00:00+00:00,99999,0,,0,0,0.09,0.0,0.0
BCHUSD,1h,29791,2018-05-18 00:00:00+00:00,2026-09-19 17:00:00+00:00,0.9595,2022-11-16 00:00:00+00:00,28813,978,86400.0,0,0,14.19,3.3,53.9
BCHUSD,4h,8281,2018-05-18 00:00:00+00:00,2026-09-19 16:00:00+00:00,0.8633,2022-12-12 00:00:00+00:00,7277,1004,86400.0,0,0,23.08,12.1,54.8
BCHUSD,d1,2289,2018-05-18 00:00:00+00:00,2026-09-19 00:00:00+00:00,0.9144,2018-05-22 00:00:00+00:00,2287,2,,0,0,55.09,0.1,0.1
BNBUSD,15m,75336,2024-05-02 00:00:00+00:00,2026-09-19 17:00:00+00:00,0.9879,2024-07-19 05:00:00+00:00,74627,709,3600.0,0,0,1.17,0.9,9.0
BNBUSD,1h,19457,2024-05-02 00:00:00+00:00,2026-09-19 17:00:00+00:00,0.9928,2024-05-02 00:00:00+00:00,19457,0,,0,0,4.53,0.0,0.0
BNBUSD,4h,4920,2024-05-02 00:00:00+00:00,2026-09-19 16:00:00+00:00,0.9858,2024-05-04 00:00:00+00:00,4918,2,,0,0,6.3,0.0,0.2
BNBUSD,d1,866,2024-05-02 00:00:00+00:00,2026-09-19 00:00:00+00:00,0.9942,2024-05-02 00:00:00+00:00,866,0,,0,0,15.24,0.0,0.0
BTCUSD,15m,99999,2023-08-18 04:00:00+00:00,2026-09-19 16:45:00+00:00,0.9991,2023-08-18 04:00:00+00:00,99999,0,,0,0,29.85,0.0,0.0
BTCUSD,1h,61070,2013-11-15 00:00:00+00:00,2026-09-19 17:00:00+00:00,0.9677,2018-03-07 00:00:00+00:00,59497,1573,86400.0,0,0,71.3,2.6,33.5
BTCUSD,4h,16525,2013-11-15 00:00:00+00:00,2026-09-19 16:00:00+00:00,0.8816,2018-03-18 00:00:00+00:00,14941,1584,86400.0,0,0,73.62,9.6,33.8
BTCUSD,d1,4150,2013-11-15 00:00:00+00:00,2026-09-19 00:00:00+00:00,0.9342,2013-11-15 00:00:00+00:00,4150,0,,0,0,82.8,0.0,0.0
CADCHF,15m,77908,2015-02-20 00:00:00+00:00,2026-09-18 05:45:00+00:00,0.9232,2023-08-30 08:00:00+00:00,73045,4863,3600.0,0,0,14.77,6.2,73.6
CADCHF,1h,23774,2015-02-20 00:00:00+00:00,2026-09-15 08:00:00+00:00,0.9039,2022-11-04 00:00:00+00:00,21775,1999,86400.0,0,0,34.35,8.4,66.6
CADCHF,4h,7533,2015-02-20 00:00:00+00:00,2026-09-18 01:00:00+00:00,0.6969,2022-12-20 00:00:00+00:00,5502,2031,86400.0,0,0,53.71,27.0,67.6
CADCHF,d1,3001,2015-02-20 00:00:00+00:00,2026-09-16 21:00:00+00:00,0.7954,2015-02-23 00:00:00+00:00,3000,1,,0,0,86.4,0.0,0.1
CADJPY,15m,77900,2015-02-20 00:00:00+00:00,2026-09-18 05:45:00+00:00,0.9232,2023-08-30 09:00:00+00:00,73036,4864,3600.0,0,0,17.47,6.2,73.6
CADJPY,1h,23774,2015-02-20 00:00:00+00:00,2026-09-15 08:00:00+00:00,0.9039,2022-11-04 00:00:00+00:00,21775,1999,86400.0,0,0,38.92,8.4,66.6
CADJPY,4h,7533,2015-02-20 00:00:00+00:00,2026-09-18 01:00:00+00:00,0.6969,2022-12-20 00:00:00+00:00,5502,2031,86400.0,0,0,56.83,27.0,67.6
CADJPY,d1,3001,2015-02-20 00:00:00+00:00,2026-09-16 21:00:00+00:00,0.7954,2015-02-23 00:00:00+00:00,3000,1,,0,0,83.11,0.0,0.1
CELUSD,15m,70390,2024-05-02 00:00:00+00:00,2026-07-31 23:45:00+00:00,0.9868,2024-07-19 05:00:00+00:00,69681,709,3600.0,0,0,1.35,1.0,9.5
CELUSD,1h,18232,2024-05-02 00:00:00+00:00,2026-07-31 23:00:00+00:00,0.9924,2024-05-02 00:00:00+00:00,18232,0,,0,0,5.22,0.0,0.0
CELUSD,4h,4615,2024-05-02 00:00:00+00:00,2026-07-31 20:00:00+00:00,0.9844,2024-05-07 00:00:00+00:00,4610,5,86400.0,0,0,8.32,0.1,0.6
CELUSD,d1,816,2024-05-02 00:00:00+00:00,2026-07-31 00:00:00+00:00,0.9939,2024-05-02 00:00:00+00:00,816,0,,0,0,25.74,0.0,0.0
CHFJPY,15m,77893,2015-02-20 00:00:00+00:00,2026-09-18 05:45:00+00:00,0.9231,2023-08-30 09:00:00+00:00,73029,4864,3600.0,0,0,12.18,6.2,73.6
CHFJPY,1h,23773,2015-02-20 00:00:00+00:00,2026-09-15 08:00:00+00:00,0.9039,2022-11-04 00:00:00+00:00,21774,1999,86400.0,0,0,32.8,8.4,66.6
CHFJPY,4h,7533,2015-02-20 00:00:00+00:00,2026-09-18 01:00:00+00:00,0.6969,2022-12-20 00:00:00+00:00,5502,2031,86400.0,0,0,53.56,27.0,67.6
CHFJPY,d1,3001,2015-02-20 00:00:00+00:00,2026-09-16 21:00:00+00:00,0.7954,2015-02-23 00:00:00+00:00,3000,1,,0,0,85.47,0.0,0.1
CHFSGD,15m,56548,2016-10-27 00:00:00+00:00,2026-09-18 05:45:00+00:00,0.9447,2024-07-18 00:00:00+00:00,53644,2904,86400.0,0,0,5.34,5.1,78.1
CHFSGD,1h,16327,2016-10-27 00:00:00+00:00,2026-09-15 08:00:00+00:00,0.8721,2024-01-12 00:00:00+00:00,14460,1867,86400.0,0,0,18.48,11.4,72.9
CHFSGD,4h,5572,2016-10-27 00:00:00+00:00,2026-09-18 01:00:00+00:00,0.6251,2024-03-21 00:00:00+00:00,3656,1916,86400.0,0,0,40.18,34.4,74.8
CHFSGD,d1,2563,2016-10-27 00:00:00+00:00,2026-09-16 21:00:00+00:00,0.7948,2017-01-04 00:00:00+00:00,2516,47,86400.0,0,0,78.81,1.8,1.9
CHINA50,15m,53127,2020-08-14 00:00:00+00:00,2026-09-18 05:45:00+00:00,0.9522,2024-07-17 12:00:00+00:00,51259,1868,86400.0,0,0,3.78,3.5,64.4
CHINA50,1h,14702,2020-08-14 00:00:00+00:00,2026-09-15 08:00:00+00:00,0.8952,2024-01-12 00:00:00+00:00,13818,884,86400.0,0,0,13.65,6.0,56.0
CHINA50,4h,4571,2020-08-14 00:00:00+00:00,2026-09-18 01:00:00+00:00,0.758,2024-04-04 00:00:00+00:00,3629,942,86400.0,0,0,27.7,20.6,59.7
CHINA50,d1,1578,2020-08-14 00:00:00+00:00,2026-09-16 21:00:00+00:00,0.7947,2020-08-18 00:00:00+00:00,1576,2,,0,0,66.41,0.1,0.2
CHINAH,15m,59936,2017-03-13 00:00:00+00:00,2026-09-18 05:45:00+00:00,0.8888,2023-08-21 21:15:00+00:00,55554,4382,3600.0,0,0,10.45,7.3,67.7
CHINAH,1h,19137,2017-03-13 00:00:00+00:00,2026-09-15 08:00:00+00:00,0.8329,2022-11-08 00:00:00+00:00,17729,1408,86400.0,0,0,28.84,7.4,59.5
CHINAH,4h,6715,2017-03-13 00:00:00+00:00,2026-09-18 01:00:00+00:00,0.7322,2022-09-30 00:00:00+00:00,5333,1382,86400.0,0,0,47.09,20.6,58.3
CHINAH,d1,2357,2017-03-13 00:00:00+00:00,2026-09-16 21:00:00+00:00,0.7713,2019-02-12 00:00:00+00:00,1887,470,86400.0,0,0,78.11,19.9,20.2
CHRUSD,15m,75127,2024-05-02 00:00:00+00:00,2026-09-19 17:45:00+00:00,0.9875,2024-07-19 05:00:00+00:00,74418,709,3600.0,0,0,1.27,0.9,9.0
CHRUSD,1h,19417,2024-05-02 00:00:00+00:00,2026-09-19 17:00:00+00:00,0.9924,2024-05-02 00:00:00+00:00,19417,0,,0,0,4.9,0.0,0.0
CHRUSD,4h,4914,2024-05-02 00:00:00+00:00,2026-09-19 16:00:00+00:00,0.9853,2024-05-04 00:00:00+00:00,4912,2,,0,0,7.81,0.0,0.2
CHRUSD,d1,866,2024-05-02 00:00:00+00:00,2026-09-19 00:00:00+00:00,0.9942,2024-05-02 00:00:00+00:00,866,0,,0,0,24.48,0.0,0.0
CHZUSD,15m,75119,2024-05-02 00:00:00+00:00,2026-09-19 17:30:00+00:00,0.9875,2024-07-19 06:00:00+00:00,74408,711,3600.0,0,0,1.19,0.9,9.0
CHZUSD,1h,19418,2024-05-02 00:00:00+00:00,2026-09-19 17:00:00+00:00,0.9925,2024-05-02 00:00:00+00:00,19418,0,,0,0,4.61,0.0,0.0
CHZUSD,4h,4913,2024-05-02 00:00:00+00:00,2026-09-19 16:00:00+00:00,0.9853,2024-05-04 00:00:00+00:00,4911,2,,0,0,6.66,0.0,0.2
CHZUSD,d1,866,2024-05-02 00:00:00+00:00,2026-09-19 00:00:00+00:00,0.9942,2024-05-02 00:00:00+00:00,866,0,,0,0,18.24,0.0,0.0
CNHJPY,15m,55589,2020-07-20 00:00:00+00:00,2026-09-18 05:45:00+00:00,0.9611,2024-07-18 00:00:00+00:00,53650,1939,86400.0,0,0,40.87,3.5,64.8
CNHJPY,1h,15362,2020-07-20 00:00:00+00:00,2026-09-15 08:00:00+00:00,0.9267,2024-01-12 00:00:00+00:00,14459,903,86400.0,0,0,48.96,5.9,56.5
CNHJPY,4h,4608,2020-07-20 00:00:00+00:00,2026-09-18 01:00:00+00:00,0.7559,2024-04-02 00:00:00+00:00,3648,960,86400.0,0,0,59.35,20.8,60.1
CNHJPY,d1,1599,2020-07-20 00:00:00+00:00,2026-09-16 21:00:00+00:00,0.7955,2020-07-21 00:00:00+00:00,1598,1,,0,0,82.11,0.1,0.0
COMUSD,15m,75134,2024-05-02 00:00:00+00:00,2026-09-19 17:30:00+00:00,0.9876,2024-07-19 05:00:00+00:00,74425,709,3600.0,0,0,1.27,0.9,9.0
COMUSD,1h,19418,2024-05-02 00:00:00+00:00,2026-09-19 17:00:00+00:00,0.9925,2024-05-02 00:00:00+00:00,19418,0,,0,0,4.91,0.0,0.0
COMUSD,4h,4913,2024-05-02 00:00:00+00:00,2026-09-19 16:00:00+00:00,0.9853,2024-05-04 00:00:00+00:00,4911,2,,0,0,7.86,0.0,0.2
COMUSD,d1,866,2024-05-02 00:00:00+00:00,2026-09-19 00:00:00+00:00,0.9942,2024-05-02 00:00:00+00:00,866,0,,0,0,24.36,0.0,0.0
COPPER,15m,41098,2020-07-08 00:00:00+00:00,2026-09-18 05:45:00+00:00,0.9388,2024-07-16 06:00:00+00:00,39238,1860,86400.0,0,0,4.78,4.5,64.9
COPPER,1h,11699,2020-07-08 00:00:00+00:00,2026-09-15 08:00:00+00:00,0.8638,2024-02-21 00:00:00+00:00,10784,915,86400.0,0,0,16.79,7.8,58.5
COPPER,4h,4525,2020-07-08 00:00:00+00:00,2026-09-18 01:00:00+00:00,0.7514,2024-03-12 00:00:00+00:00,3596,929,86400.0,0,0,28.69,20.5,59.3
COPPER,d1,1566,2020-07-08 00:00:00+00:00,2026-09-16 21:00:00+00:00,0.7905,2020-07-14 00:00:00+00:00,1562,4,86400.0,0,0,65.84,0.3,0.3
CRVUSD,15m,75127,2024-05-02 00:00:00+00:00,2026-09-19 17:45:00+00:00,0.9875,2024-07-19 05:00:00+00:00,74417,710,3600.0,0,0,1.26,0.9,9.0
CRVUSD,1h,19418,2024-05-02 00:00:00+00:00,2026-09-19 17:00:00+00:00,0.9924,2024-05-02 00:00:00+00:00,19418,0,,0,0,4.89,0.0,0.0
CRVUSD,4h,4914,2024-05-02 00:00:00+00:00,2026-09-19 16:00:00+00:00,0.9853,2024-05-04 00:00:00+00:00,4912,2,,0,0,7.77,0.0,0.2
CRVUSD,d1,866,2024-05-02 00:00:00+00:00,2026-09-19 00:00:00+00:00,0.9942,2024-05-02 00:00:00+00:00,866,0,,0,0,24.25,0.0,0.0
DJ30,15m,76938,2015-02-06 00:00:00+00:00,2026-09-18 05:45:00+00:00,0.9226,2023-08-30 02:00:00+00:00,71950,4988,3600.0,0,0,8.05,6.5,73.7
DJ30,1h,23187,2015-02-06 00:00:00+00:00,2026-09-15 08:00:00+00:00,0.8824,2022-10-27 00:00:00+00:00,21194,1993,86400.0,0,0,23.99,8.6,66.5
DJ30,4h,7538,2015-02-06 00:00:00+00:00,2026-09-18 01:00:00+00:00,0.6962,2022-12-12 00:00:00+00:00,5513,2025,86400.0,0,0,41.7,26.9,67.6
DJ30,d1,2999,2015-02-06 00:00:00+00:00,2026-09-16 21:00:00+00:00,0.7946,2015-02-10 00:00:00+00:00,2997,2,,0,0,81.76,0.1,0.1
DOGUSD,15m,75334,2024-04-12 00:00:00+00:00,2026-09-19 17:15:00+00:00,0.9876,2024-07-19 05:00:00+00:00,74610,724,3600.0,0,0,7.73,1.0,11.0
DOGUSD,1h,19470,2024-04-12 00:00:00+00:00,2026-09-19 17:00:00+00:00,0.992,2024-04-12 00:00:00+00:00,19470,0,,0,0,12.32,0.0,0.0
DOGUSD,4h,4934,2024-04-12 00:00:00+00:00,2026-09-19 16:00:00+00:00,0.983,2024-05-04 00:00:00+00:00,4918,16,86400.0,0,0,16.54,0.3,2.5
DOGUSD,d1,880,2024-04-12 00:00:00+00:00,2026-09-19 00:00:00+00:00,0.9909,2024-04-12 00:00:00+00:00,880,0,,0,0,30.0,0.0,0.0
DOTUSD,15m,99999,2023-08-18 01:45:00+00:00,2026-09-19 17:15:00+00:00,0.9991,2023-08-18 01:45:00+00:00,99999,0,,0,0,29.86,0.0,0.0
DOTUSD,1h,39086,2021-09-14 20:00:00+00:00,2026-09-19 17:00:00+00:00,0.9967,2021-09-14 20:00:00+00:00,39086,0,,0,0,55.14,0.0,0.0
DOTUSD,4h,9777,2021-09-14 20:00:00+00:00,2026-09-19 16:00:00+00:00,0.9882,2021-09-14 20:00:00+00:00,9777,0,,0,0,55.32,0.0,0.0
DOTUSD,d1,1636,2021-09-14 00:00:00+00:00,2026-09-19 00:00:00+00:00,0.9395,2021-09-15 00:00:00+00:00,1635,1,,0,0,56.11,0.1,0.1
DSHUSD,15m,75433,2022-01-20 00:00:00+00:00,2026-09-19 18:00:00+00:00,0.9833,2024-07-19 06:00:00+00:00,74399,1034,3600.0,0,0,1.61,1.4,53.5
DSHUSD,1h,19740,2022-01-20 00:00:00+00:00,2026-09-19 18:00:00+00:00,0.9761,2022-10-28 00:00:00+00:00,19465,275,86400.0,0,0,6.16,1.4,16.5
DSHUSD,4h,5237,2022-01-20 00:00:00+00:00,2026-09-19 16:00:00+00:00,0.9244,2022-12-16 00:00:00+00:00,4914,323,86400.0,0,0,12.35,6.2,19.4
DSHUSD,d1,1190,2022-01-20 00:00:00+00:00,2026-09-19 00:00:00+00:00,0.9916,2022-01-20 00:00:00+00:00,1190,0,,0,0,40.17,0.0,0.0
EGLUSD,15m,75121,2024-05-02 00:00:00+00:00,2026-09-19 17:30:00+00:00,0.9875,2024-07-19 05:00:00+00:00,74412,709,3600.0,0,0,1.27,0.9,9.0
EGLUSD,1h,19416,2024-05-02 00:00:00+00:00,2026-09-19 17:00:00+00:00,0.9924,2024-05-02 00:00:00+00:00,19416,0,,0,0,4.92,0.0,0.0
EGLUSD,4h,4914,2024-05-02 00:00:00+00:00,2026-09-19 16:00:00+00:00,0.9853,2024-05-04 00:00:00+00:00,4912,2,,0,0,7.9,0.0,0.2
EGLUSD,d1,866,2024-05-02 00:00:00+00:00,2026-09-19 00:00:00+00:00,0.9942,2024-05-02 00:00:00+00:00,866,0,,0,0,24.71,0.0,0.0
ENJUSD,15m,75133,2024-05-02 00:00:00+00:00,2026-09-19 17:45:00+00:00,0.9872,2024-07-19 06:00:00+00:00,74398,735,3600.0,0,0,6.43,1.0,9.0
ENJUSD,1h,19440,2024-05-02 00:00:00+00:00,2026-09-19 17:00:00+00:00,0.9921,2024-05-02 00:00:00+00:00,19440,0,,0,0,9.75,0.0,0.0
ENJUSD,4h,4921,2024-05-02 00:00:00+00:00,2026-09-19 16:00:00+00:00,0.9858,2024-05-02 00:00:00+00:00,4921,0,,0,0,11.68,0.0,0.0
ENJUSD,d1,866,2024-05-02 00:00:00+00:00,2026-09-19 00:00:00+00:00,0.9942,2024-05-02 00:00:00+00:00,866,0,,0,0,22.29,0.0,0.0
ETHUSD,15m,99999,2023-08-17 13:45:00+00:00,2026-09-19 17:00:00+00:00,0.999,2023-08-17 13:45:00+00:00,99999,0,,0,0,29.91,0.0,0.0
ETHUSD,1h,59279,2018-06-18 17:00:00+00:00,2026-09-19 17:00:00+00:00,0.9948,2018-06-18 17:00:00+00:00,59279,0,,0,0,70.45,0.0,0.0
ETHUSD,4h,14829,2018-06-18 16:00:00+00:00,2026-09-19 16:00:00+00:00,0.9806,2018-06-18 16:00:00+00:00,14829,0,,0,0,70.58,0.0,0.0
ETHUSD,d1,2478,2018-06-18 00:00:00+00:00,2026-09-19 00:00:00+00:00,0.8906,2018-06-19 00:00:00+00:00,2477,1,,0,0,71.27,0.0,0.0
EURAUD,15m,77906,2015-02-20 00:00:00+00:00,2026-09-18 05:45:00+00:00,0.9232,2023-08-30 09:00:00+00:00,73042,4864,3600.0,0,0,21.75,6.2,73.6
EURAUD,1h,23775,2015-02-20 00:00:00+00:00,2026-09-15 08:00:00+00:00,0.904,2022-11-04 00:00:00+00:00,21776,1999,86400.0,0,0,40.14,8.4,66.6
EURAUD,4h,7533,2015-02-20 00:00:00+00:00,2026-09-18 01:00:00+00:00,0.6969,2022-12-20 00:00:00+00:00,5502,2031,86400.0,0,0,55.14,27.0,67.6
EURAUD,d1,3001,2015-02-20 00:00:00+00:00,2026-09-16 21:00:00+00:00,0.7954,2015-02-23 00:00:00+00:00,3000,1,,0,0,82.01,0.0,0.1
EURCAD,15m,77902,2015-02-20 00:00:00+00:00,2026-09-18 05:45:00+00:00,0.9232,2023-08-30 08:00:00+00:00,73039,4863,3600.0,0,0,17.26,6.2,73.6
EURCAD,1h,23774,2015-02-20 00:00:00+00:00,2026-09-15 08:00:00+00:00,0.9039,2022-11-04 00:00:00+00:00,21775,1999,86400.0,0,0,34.8,8.4,66.6
EURCAD,4h,7533,2015-02-20 00:00:00+00:00,2026-09-18 01:00:00+00:00,0.6969,2022-12-20 00:00:00+00:00,5502,2031,86400.0,0,0,50.51,27.0,67.6
EURCAD,d1,3001,2015-02-20 00:00:00+00:00,2026-09-16 21:00:00+00:00,0.7954,2015-02-23 00:00:00+00:00,3000,1,,0,0,80.87,0.0,0.1
EURCHF,15m,77907,2015-02-20 00:00:00+00:00,2026-09-18 05:45:00+00:00,0.9232,2023-08-30 08:00:00+00:00,73044,4863,3600.0,0,0,28.97,6.2,73.6
EURCHF,1h,23774,2015-02-20 00:00:00+00:00,2026-09-15 08:00:00+00:00,0.9039,2022-11-04 00:00:00+00:00,21775,1999,86400.0,0,0,49.63,8.4,66.6
EURCHF,4h,7533,2015-02-20 00:00:00+00:00,2026-09-18 01:00:00+00:00,0.6969,2022-12-20 00:00:00+00:00,5502,2031,86400.0,0,0,65.62,27.0,67.6
EURCHF,d1,3001,2015-02-20 00:00:00+00:00,2026-09-16 21:00:00+00:00,0.7954,2015-02-23 00:00:00+00:00,3000,1,,0,0,88.37,0.0,0.1
EURCNH,15m,56506,2018-02-19 00:00:00+00:00,2026-09-21 10:45:00+00:00,0.9506,2024-07-18 00:00:00+00:00,53941,2565,86400.0,0,0,5.18,4.5,74.6
EURCNH,1h,15988,2018-02-19 00:00:00+00:00,2026-09-15 08:00:00+00:00,0.8905,2024-01-12 00:00:00+00:00,14459,1529,86400.0,0,0,18.16,9.6,68.8
EURCNH,4h,5263,2018-02-19 00:00:00+00:00,2026-09-21 05:00:00+00:00,0.6644,2024-03-26 00:00:00+00:00,3682,1581,86400.0,0,0,39.54,30.0,71.0
EURCNH,d1,2240,2018-02-19 00:00:00+00:00,2026-09-20 07:00:00+00:00,0.7897,2018-02-20 00:00:00+00:00,2239,1,,0,0,79.69,0.0,0.0
EURGBP,15m,77913,2015-02-20 00:00:00+00:00,2026-09-18 05:45:00+00:00,0.9233,2023-08-30 07:00:00+00:00,73051,4862,3600.0,0,0,35.01,6.2,73.6
EURGBP,1h,23774,2015-02-20 00:00:00+00:00,2026-09-15 08:00:00+00:00,0.9039,2022-11-04 00:00:00+00:00,21775,1999,86400.0,0,0,53.04,8.4,66.6
EURGBP,4h,7533,2015-02-20 00:00:00+00:00,2026-09-18 01:00:00+00:00,0.6969,2022-12-20 00:00:00+00:00,5502,2031,86400.0,0,0,68.07,27.0,67.6
EURGBP,d1,3001,2015-02-20 00:00:00+00:00,2026-09-16 21:00:00+00:00,0.7954,2015-02-23 00:00:00+00:00,3000,1,,0,0,92.14,0.0,0.1
EURHKD,15m,56559,2016-10-28 00:00:00+00:00,2026-09-18 05:45:00+00:00,0.9447,2024-07-18 00:00:00+00:00,53656,2903,86400.0,0,0,5.47,5.1,78.1
EURHKD,1h,16327,2016-10-28 00:00:00+00:00,2026-09-15 08:00:00+00:00,0.8721,2024-01-12 00:00:00+00:00,14460,1867,86400.0,0,0,18.94,11.4,72.9
EURHKD,4h,5572,2016-10-28 00:00:00+00:00,2026-09-18 01:00:00+00:00,0.6251,2024-03-21 00:00:00+00:00,3656,1916,86400.0,0,0,41.51,34.4,74.8
EURHKD,d1,2563,2016-10-28 00:00:00+00:00,2026-09-16 21:00:00+00:00,0.7948,2017-01-04 00:00:00+00:00,2517,46,86400.0,0,0,81.74,1.8,1.9
EURHUF,15m,73916,2020-08-17 00:00:00+00:00,2026-09-21 10:45:00+00:00,0.9754,2023-04-25 00:00:00+00:00,73219,697,86400.0,0,0,4.4,0.9,44.1
EURHUF,1h,19567,2020-08-17 00:00:00+00:00,2026-09-15 08:00:00+00:00,0.9508,2023-04-26 00:00:00+00:00,18869,698,86400.0,0,0,13.46,3.6,44.2
EURHUF,4h,5535,2020-08-17 00:00:00+00:00,2026-09-21 05:00:00+00:00,0.824,2023-07-05 00:00:00+00:00,4787,748,86400.0,0,0,30.12,13.5,47.3
EURHUF,d1,1594,2020-08-17 00:00:00+00:00,2026-09-20 07:00:00+00:00,0.7886,2020-08-18 00:00:00+00:00,1593,1,,0,0,70.2,0.1,0.0
EURJPY,15m,77947,2015-02-20 00:00:00+00:00,2026-09-18 05:45:00+00:00,0.9234,2023-08-30 09:00:00+00:00,73083,4864,3600.0,0,0,33.43,6.2,73.6
EURJPY,1h,23774,2015-02-20 00:00:00+00:00,2026-09-15 08:00:00+00:00,0.9039,2022-11-04 00:00:00+00:00,21775,1999,86400.0,0,0,53.08,8.4,66.6
EURJPY,4h,7533,2015-02-20 00:00:00+00:00,2026-09-18 01:00:00+00:00,0.6969,2022-12-20 00:00:00+00:00,5502,2031,86400.0,0,0,66.07,27.0,67.6
EURJPY,d1,3001,2015-02-20 00:00:00+00:00,2026-09-16 21:00:00+00:00,0.7954,2015-02-23 00:00:00+00:00,3000,1,,0,0,86.84,0.0,0.1
EURMXN,15m,56196,2018-03-26 00:00:00+00:00,2026-09-18 05:45:00+00:00,0.9508,2024-07-18 00:00:00+00:00,53656,2540,86400.0,0,0,5.1,4.5,74.4
EURMXN,1h,15963,2018-03-26 00:00:00+00:00,2026-09-15 08:00:00+00:00,0.8918,2024-01-12 00:00:00+00:00,14459,1504,86400.0,0,0,17.46,9.4,68.4
EURMXN,4h,5209,2018-03-26 00:00:00+00:00,2026-09-18 01:00:00+00:00,0.6687,2024-03-25 00:00:00+00:00,3654,1555,86400.0,0,0,37.2,29.9,70.7
EURMXN,d1,2200,2018-03-26 00:00:00+00:00,2026-09-16 21:00:00+00:00,0.7945,2018-03-26 00:00:00+00:00,2200,0,,0,0,75.86,0.0,0.0
EURNOK,15m,77946,2015-02-20 00:00:00+00:00,2026-09-18 05:45:00+00:00,0.9234,2023-08-30 01:00:00+00:00,73090,4856,3600.0,0,0,12.06,6.2,73.6
EURNOK,1h,23775,2015-02-20 00:00:00+00:00,2026-09-15 08:00:00+00:00,0.904,2022-11-04 00:00:00+00:00,21776,1999,86400.0,0,0,31.98,8.4,66.6
EURNOK,4h,7533,2015-02-20 00:00:00+00:00,2026-09-18 01:00:00+00:00,0.6969,2022-12-20 00:00:00+00:00,5502,2031,86400.0,0,0,50.59,27.0,67.6
EURNOK,d1,3001,2015-02-20 00:00:00+00:00,2026-09-16 21:00:00+00:00,0.7954,2015-02-23 00:00:00+00:00,3000,1,,0,0,83.47,0.0,0.1
EURNZD,15m,77907,2015-02-20 00:00:00+00:00,2026-09-18 05:45:00+00:00,0.9232,2023-08-30 08:00:00+00:00,73044,4863,3600.0,0,0,13.79,6.2,73.6
EURNZD,1h,23775,2015-02-20 00:00:00+00:00,2026-09-15 08:00:00+00:00,0.904,2022-11-04 00:00:00+00:00,21776,1999,86400.0,0,0,35.4,8.4,66.6
EURNZD,4h,7533,2015-02-20 00:00:00+00:00,2026-09-18 01:00:00+00:00,0.6969,2022-12-20 00:00:00+00:00,5502,2031,86400.0,0,0,55.53,27.0,67.6
EURNZD,d1,3001,2015-02-20 00:00:00+00:00,2026-09-16 21:00:00+00:00,0.7954,2015-02-23 00:00:00+00:00,3000,1,,0,0,84.14,0.0,0.1
EURSEK,15m,73955,2020-08-18 00:00:00+00:00,2026-09-21 10:45:00+00:00,0.9756,2023-04-24 00:00:00+00:00,73259,696,86400.0,0,0,6.81,0.9,44.0
EURSEK,1h,19577,2020-08-18 00:00:00+00:00,2026-09-15 08:00:00+00:00,0.9511,2023-04-26 00:00:00+00:00,18879,698,86400.0,0,0,17.39,3.6,44.2
EURSEK,4h,5537,2020-08-18 00:00:00+00:00,2026-09-21 05:00:00+00:00,0.8243,2023-07-05 00:00:00+00:00,4789,748,86400.0,0,0,31.82,13.5,47.2
EURSEK,d1,1594,2020-08-18 00:00:00+00:00,2026-09-20 07:00:00+00:00,0.7886,2020-08-25 00:00:00+00:00,1589,5,86400.0,0,0,67.06,0.3,0.3
EURSGD,15m,55494,2020-08-18 00:00:00+00:00,2026-09-18 05:45:00+00:00,0.9629,2024-07-18 00:00:00+00:00,53656,1838,86400.0,0,0,3.55,3.3,64.3
EURSGD,1h,15262,2020-08-18 00:00:00+00:00,2026-09-15 08:00:00+00:00,0.9274,2024-01-17 00:00:00+00:00,14376,886,86400.0,0,0,12.87,5.8,56.2
EURSGD,4h,4570,2020-08-18 00:00:00+00:00,2026-09-18 01:00:00+00:00,0.7575,2024-04-08 00:00:00+00:00,3626,944,86400.0,0,0,27.29,20.7,59.8
EURSGD,d1,1579,2020-08-18 00:00:00+00:00,2026-09-16 21:00:00+00:00,0.7954,2020-08-19 00:00:00+00:00,1578,1,,0,0,65.74,0.1,0.0
EURUSD,15m,78258,2015-02-24 00:00:00+00:00,2026-09-21 10:45:00+00:00,0.9238,2023-08-30 08:00:00+00:00,73395,4863,3600.0,0,0,49.35,6.2,73.6
EURUSD,1h,23774,2015-02-24 00:00:00+00:00,2026-09-15 08:00:00+00:00,0.9039,2022-11-04 00:00:00+00:00,21775,1999,86400.0,0,0,61.62,8.4,66.6
EURUSD,4h,7562,2015-02-24 00:00:00+00:00,2026-09-21 05:00:00+00:00,0.6961,2022-12-20 00:00:00+00:00,5531,2031,86400.0,0,0,73.14,26.9,67.6
EURUSD,d1,3016,2015-02-24 00:00:00+00:00,2026-09-20 07:00:00+00:00,0.7921,2015-02-25 00:00:00+00:00,3015,1,,0,0,88.99,0.0,0.0
EURZAR,15m,56553,2016-10-27 00:00:00+00:00,2026-09-18 05:45:00+00:00,0.9447,2024-07-18 00:00:00+00:00,53650,2903,86400.0,0,0,6.45,5.1,78.1
EURZAR,1h,16327,2016-10-27 00:00:00+00:00,2026-09-15 08:00:00+00:00,0.8721,2024-01-12 00:00:00+00:00,14460,1867,86400.0,0,0,21.58,11.4,72.9
EURZAR,4h,5570,2016-10-27 00:00:00+00:00,2026-09-18 01:00:00+00:00,0.6248,2024-03-21 00:00:00+00:00,3654,1916,86400.0,0,0,46.12,34.4,74.8
EURZAR,d1,2563,2016-10-27 00:00:00+00:00,2026-09-16 21:00:00+00:00,0.7948,2017-01-04 00:00:00+00:00,2516,47,86400.0,0,0,83.34,1.8,1.9
FILUSD,15m,75135,2024-04-12 00:00:00+00:00,2026-09-19 17:30:00+00:00,0.9874,2024-07-19 05:00:00+00:00,74412,723,3600.0,0,0,1.28,1.0,11.0
FILUSD,1h,19430,2024-04-12 00:00:00+00:00,2026-09-19 17:00:00+00:00,0.9917,2024-04-12 00:00:00+00:00,19430,0,,0,0,4.96,0.0,0.0
FILUSD,4h,4928,2024-04-12 00:00:00+00:00,2026-09-19 16:00:00+00:00,0.9825,2024-05-04 00:00:00+00:00,4912,16,86400.0,0,0,8.06,0.3,2.5
FILUSD,d1,880,2024-04-12 00:00:00+00:00,2026-09-19 00:00:00+00:00,0.9909,2024-04-12 00:00:00+00:00,880,0,,0,0,25.45,0.0,0.0
FLWUSD,15m,75121,2024-05-02 00:00:00+00:00,2026-09-19 17:30:00+00:00,0.9875,2024-07-19 05:00:00+00:00,74412,709,3600.0,0,0,1.26,0.9,9.0
FLWUSD,1h,19416,2024-05-02 00:00:00+00:00,2026-09-19 17:00:00+00:00,0.9924,2024-05-02 00:00:00+00:00,19416,0,,0,0,4.89,0.0,0.0
FLWUSD,4h,4914,2024-05-02 00:00:00+00:00,2026-09-19 16:00:00+00:00,0.9853,2024-05-04 00:00:00+00:00,4912,2,,0,0,7.77,0.0,0.2
FLWUSD,d1,866,2024-05-02 00:00:00+00:00,2026-09-19 00:00:00+00:00,0.9942,2024-05-02 00:00:00+00:00,866,0,,0,0,24.13,0.0,0.0
FR40,15m,68721,2015-01-20 00:00:00+00:00,2026-09-21 11:00:00+00:00,0.9062,2023-08-18 17:00:00+00:00,63735,4986,3600.0,0,0,9.53,7.3,73.5
FR40,1h,21328,2015-01-20 00:00:00+00:00,2026-09-15 08:00:00+00:00,0.8437,2022-09-15 00:00:00+00:00,19365,1963,86400.0,0,0,27.79,9.2,65.7
FR40,4h,7512,2015-01-20 00:00:00+00:00,2026-09-21 05:00:00+00:00,0.6512,2024-02-28 12:00:00+00:00,3842,3670,86400.0,0,0,46.29,48.9,78.0
FR40,d1,3001,2015-01-20 00:00:00+00:00,2026-09-20 07:00:00+00:00,0.7884,2015-01-27 00:00:00+00:00,2996,5,86400.0,0,0,82.21,0.2,0.2
GAS,15m,53174,2020-09-10 00:00:00+00:00,2026-09-21 10:45:00+00:00,0.9522,2024-07-17 12:00:00+00:00,51306,1868,86400.0,0,0,4.57,3.5,63.9
GAS,1h,14646,2020-09-10 00:00:00+00:00,2026-09-15 08:00:00+00:00,0.8944,2024-01-12 00:00:00+00:00,13761,885,86400.0,0,0,15.45,6.0,55.5
GAS,4h,4594,2020-09-10 00:00:00+00:00,2026-09-21 05:00:00+00:00,0.7556,2024-04-02 00:00:00+00:00,3653,941,86400.0,0,0,31.48,20.5,59.0
GAS,d1,1592,2020-09-10 00:00:00+00:00,2026-09-20 07:00:00+00:00,0.7902,2020-09-10 00:00:00+00:00,1592,0,,0,0,70.35,0.0,0.0
GAUCNH,15m,39406,2025-01-23 01:30:00+00:00,2026-09-21 10:45:00+00:00,0.9888,2025-01-23 01:30:00+00:00,39406,0,,0,0,27.03,0.0,0.0
GAUCNH,1h,9727,2025-01-23 01:00:00+00:00,2026-09-15 08:00:00+00:00,0.9555,2025-01-23 01:00:00+00:00,9727,0,,0,0,27.43,0.0,0.0
GAUCNH,4h,2591,2025-01-23 00:00:00+00:00,2026-09-21 05:00:00+00:00,0.9583,2025-01-23 00:00:00+00:00,2591,0,,0,0,26.98,0.0,0.0
GAUCNH,d1,442,2025-01-23 00:00:00+00:00,2026-09-20 07:00:00+00:00,0.7647,2025-01-24 00:00:00+00:00,441,1,,0,0,26.47,0.2,0.2
GAUUSD,15m,39107,2025-01-23 01:30:00+00:00,2026-09-18 05:45:00+00:00,0.9889,2025-01-23 01:30:00+00:00,39107,0,,0,0,27.24,0.0,0.0
GAUUSD,1h,9722,2025-01-23 01:00:00+00:00,2026-09-15 08:00:00+00:00,0.9558,2025-01-23 01:00:00+00:00,9722,0,,0,0,27.44,0.0,0.0
GAUUSD,4h,2561,2025-01-23 00:00:00+00:00,2026-09-18 01:00:00+00:00,0.9645,2025-01-23 00:00:00+00:00,2561,0,,0,0,27.33,0.0,0.0
GAUUSD,d1,427,2025-01-23 00:00:00+00:00,2026-09-16 21:00:00+00:00,0.7892,2025-01-24 00:00:00+00:00,426,1,,0,0,27.63,0.2,0.2
GBPAUD,15m,77898,2015-02-20 00:00:00+00:00,2026-09-18 05:45:00+00:00,0.9232,2023-08-30 09:00:00+00:00,73034,4864,3600.0,0,0,13.73,6.2,73.6
GBPAUD,1h,23774,2015-02-20 00:00:00+00:00,2026-09-15 08:00:00+00:00,0.9039,2022-11-04 00:00:00+00:00,21775,1999,86400.0,0,0,33.97,8.4,66.6
GBPAUD,4h,7533,2015-02-20 00:00:00+00:00,2026-09-18 01:00:00+00:00,0.6969,2022-12-20 00:00:00+00:00,5502,2031,86400.0,0,0,52.24,27.0,67.6
GBPAUD,d1,3001,2015-02-20 00:00:00+00:00,2026-09-16 21:00:00+00:00,0.7954,2015-02-23 00:00:00+00:00,3000,1,,0,0,81.64,0.0,0.1
GBPCAD,15m,77900,2015-02-20 00:00:00+00:00,2026-09-18 05:45:00+00:00,0.9232,2023-08-30 08:00:00+00:00,73037,4863,3600.0,0,0,17.91,6.2,73.6
GBPCAD,1h,23774,2015-02-20 00:00:00+00:00,2026-09-15 08:00:00+00:00,0.9039,2022-11-04 00:00:00+00:00,21775,1999,86400.0,0,0,36.83,8.4,66.6
GBPCAD,4h,7533,2015-02-20 00:00:00+00:00,2026-09-18 01:00:00+00:00,0.6969,2022-12-20 00:00:00+00:00,5502,2031,86400.0,0,0,53.42,27.0,67.6
GBPCAD,d1,3001,2015-02-20 00:00:00+00:00,2026-09-16 21:00:00+00:00,0.7954,2015-02-23 00:00:00+00:00,3000,1,,0,0,82.14,0.0,0.1
GBPCHF,15m,77896,2015-02-20 00:00:00+00:00,2026-09-18 05:45:00+00:00,0.9232,2023-08-30 09:00:00+00:00,73032,4864,3600.0,0,0,13.92,6.2,73.6
GBPCHF,1h,23775,2015-02-20 00:00:00+00:00,2026-09-15 08:00:00+00:00,0.904,2022-11-04 00:00:00+00:00,21776,1999,86400.0,0,0,32.98,8.4,66.6
GBPCHF,4h,7533,2015-02-20 00:00:00+00:00,2026-09-18 01:00:00+00:00,0.6969,2022-12-20 00:00:00+00:00,5502,2031,86400.0,0,0,51.61,27.0,67.6
GBPCHF,d1,3001,2015-02-20 00:00:00+00:00,2026-09-16 21:00:00+00:00,0.7954,2015-02-23 00:00:00+00:00,3000,1,,0,0,83.71,0.0,0.1
GBPCNH,15m,55592,2020-07-20 00:00:00+00:00,2026-09-18 05:45:00+00:00,0.9611,2024-07-18 00:00:00+00:00,53652,1940,86400.0,0,0,3.99,3.5,64.8
GBPCNH,1h,15363,2020-07-20 00:00:00+00:00,2026-09-15 08:00:00+00:00,0.9267,2024-01-15 00:00:00+00:00,14459,904,86400.0,0,0,14.39,5.9,56.7
GBPCNH,4h,4607,2020-07-20 00:00:00+00:00,2026-09-18 01:00:00+00:00,0.7556,2024-04-05 00:00:00+00:00,3625,982,86400.0,0,0,30.93,21.3,60.2
GBPCNH,d1,1599,2020-07-20 00:00:00+00:00,2026-09-16 21:00:00+00:00,0.7955,2020-07-21 00:00:00+00:00,1598,1,,0,0,73.73,0.1,0.0
GBPHKD,15m,56559,2016-11-07 00:00:00+00:00,2026-09-18 05:45:00+00:00,0.9447,2024-07-18 00:00:00+00:00,53656,2903,86400.0,0,0,5.45,5.1,78.0
GBPHKD,1h,16327,2016-11-07 00:00:00+00:00,2026-09-15 08:00:00+00:00,0.8721,2024-01-12 00:00:00+00:00,14460,1867,86400.0,0,0,18.89,11.4,72.8
GBPHKD,4h,5570,2016-11-07 00:00:00+00:00,2026-09-18 01:00:00+00:00,0.6248,2024-03-21 00:00:00+00:00,3654,1916,86400.0,0,0,41.42,34.4,74.7
GBPHKD,d1,2563,2016-11-07 00:00:00+00:00,2026-09-16 21:00:00+00:00,0.7956,2017-01-04 00:00:00+00:00,2523,40,86400.0,0,0,81.51,1.6,1.6
GBPJPY,15m,77897,2015-02-20 00:00:00+00:00,2026-09-18 05:45:00+00:00,0.9232,2023-08-30 09:00:00+00:00,73033,4864,3600.0,0,0,23.11,6.2,73.6
GBPJPY,1h,23774,2015-02-20 00:00:00+00:00,2026-09-15 08:00:00+00:00,0.904,2022-11-04 00:00:00+00:00,21775,1999,86400.0,0,0,44.1,8.4,66.6
GBPJPY,4h,7533,2015-02-20 00:00:00+00:00,2026-09-18 01:00:00+00:00,0.6969,2022-12-20 00:00:00+00:00,5502,2031,86400.0,0,0,61.16,27.0,67.6
GBPJPY,d1,3001,2015-02-20 00:00:00+00:00,2026-09-16 21:00:00+00:00,0.7954,2015-02-23 00:00:00+00:00,3000,1,,0,0,85.77,0.0,0.1
GBPNOK,15m,56554,2016-10-28 00:00:00+00:00,2026-09-18 05:45:00+00:00,0.9447,2024-07-18 00:00:00+00:00,53651,2903,86400.0,0,0,5.96,5.1,78.1
GBPNOK,1h,16327,2016-10-28 00:00:00+00:00,2026-09-15 08:00:00+00:00,0.8721,2024-01-12 00:00:00+00:00,14460,1867,86400.0,0,0,20.34,11.4,72.9
GBPNOK,4h,5572,2016-10-28 00:00:00+00:00,2026-09-18 01:00:00+00:00,0.6251,2024-03-21 00:00:00+00:00,3656,1916,86400.0,0,0,44.45,34.4,74.8
GBPNOK,d1,2563,2016-10-28 00:00:00+00:00,2026-09-16 21:00:00+00:00,0.7948,2017-01-04 00:00:00+00:00,2517,46,86400.0,0,0,83.65,1.8,1.9
GBPNZD,15m,77896,2015-02-20 00:00:00+00:00,2026-09-18 05:45:00+00:00,0.9232,2023-08-30 08:00:00+00:00,73033,4863,3600.0,0,0,12.16,6.2,73.6
GBPNZD,1h,23774,2015-02-20 00:00:00+00:00,2026-09-15 08:00:00+00:00,0.904,2022-11-04 00:00:00+00:00,21775,1999,86400.0,0,0,32.38,8.4,66.6
GBPNZD,4h,7533,2015-02-20 00:00:00+00:00,2026-09-18 01:00:00+00:00,0.6969,2022-12-20 00:00:00+00:00,5502,2031,86400.0,0,0,52.42,27.0,67.6
GBPNZD,d1,3001,2015-02-20 00:00:00+00:00,2026-09-16 21:00:00+00:00,0.7954,2015-02-23 00:00:00+00:00,3000,1,,0,0,83.77,0.0,0.1
GBPSEK,15m,56554,2016-10-28 00:00:00+00:00,2026-09-18 05:45:00+00:00,0.9447,2024-07-18 00:00:00+00:00,53651,2903,86400.0,0,0,5.36,5.1,78.1
GBPSEK,1h,16327,2016-10-28 00:00:00+00:00,2026-09-15 08:00:00+00:00,0.8721,2024-01-12 00:00:00+00:00,14460,1867,86400.0,0,0,18.56,11.4,72.9
GBPSEK,4h,5572,2016-10-28 00:00:00+00:00,2026-09-18 01:00:00+00:00,0.6251,2024-03-21 00:00:00+00:00,3656,1916,86400.0,0,0,40.38,34.4,74.8
GBPSEK,d1,2563,2016-10-28 00:00:00+00:00,2026-09-16 21:00:00+00:00,0.7948,2017-01-04 00:00:00+00:00,2517,46,86400.0,0,0,78.85,1.8,1.9
GBPSGD,15m,56559,2016-10-28 00:00:00+00:00,2026-09-18 05:45:00+00:00,0.9447,2024-07-18 00:00:00+00:00,53656,2903,86400.0,0,0,5.33,5.1,78.1
GBPSGD,1h,16327,2016-10-28 00:00:00+00:00,2026-09-15 08:00:00+00:00,0.8721,2024-01-12 00:00:00+00:00,14460,1867,86400.0,0,0,18.47,11.4,72.9
GBPSGD,4h,5572,2016-10-28 00:00:00+00:00,2026-09-18 01:00:00+00:00,0.6251,2024-03-21 00:00:00+00:00,3656,1916,86400.0,0,0,40.18,34.4,74.8
GBPSGD,d1,2563,2016-10-28 00:00:00+00:00,2026-09-16 21:00:00+00:00,0.7948,2017-01-04 00:00:00+00:00,2517,46,86400.0,0,0,78.89,1.8,1.9
GBPUSD,15m,77911,2015-02-20 00:00:00+00:00,2026-09-18 05:45:00+00:00,0.9233,2023-08-30 08:00:00+00:00,73048,4863,3600.0,0,0,63.66,6.2,73.6
GBPUSD,1h,23774,2015-02-20 00:00:00+00:00,2026-09-15 08:00:00+00:00,0.9039,2022-11-04 00:00:00+00:00,21775,1999,86400.0,0,0,74.41,8.4,66.6
GBPUSD,4h,7533,2015-02-20 00:00:00+00:00,2026-09-18 01:00:00+00:00,0.6969,2022-12-20 00:00:00+00:00,5502,2031,86400.0,0,0,81.69,27.0,67.6
GBPUSD,d1,3001,2015-02-20 00:00:00+00:00,2026-09-16 21:00:00+00:00,0.7954,2015-02-23 00:00:00+00:00,3000,1,,0,0,92.54,0.0,0.1
GER30,15m,73882,2015-01-07 00:00:00+00:00,2026-09-18 05:45:00+00:00,0.9173,2023-08-28 07:15:00+00:00,68900,4982,3600.0,0,0,8.81,6.7,73.9
GER30,1h,12082,2015-01-07 00:00:00+00:00,2024-11-22 23:00:00+00:00,0.765,2022-11-18 00:00:00+00:00,10073,2009,86400.0,0,0,47.43,16.6,79.6
GER30,4h,7555,2015-01-07 00:00:00+00:00,2026-09-18 01:00:00+00:00,0.7006,2022-11-14 00:00:00+00:00,5550,2005,86400.0,0,0,43.9,26.5,67.1
GER30,d1,2982,2015-01-07 00:00:00+00:00,2026-09-16 21:00:00+00:00,0.7918,2015-01-13 00:00:00+00:00,2978,4,86400.0,0,0,81.99,0.1,0.1
GER40,15m,74149,2015-01-07 00:00:00+00:00,2026-09-21 10:45:00+00:00,0.9179,2023-08-28 07:15:00+00:00,69167,4982,3600.0,0,0,8.74,6.7,73.8
GER40,1h,22478,2015-01-07 00:00:00+00:00,2026-09-15 08:00:00+00:00,0.8524,2022-11-18 00:00:00+00:00,20469,2009,86400.0,0,0,25.42,8.9,67.3
GER40,4h,7583,2015-01-07 00:00:00+00:00,2026-09-21 05:00:00+00:00,0.6996,2022-11-14 00:00:00+00:00,5578,2005,86400.0,0,0,43.73,26.4,67.1
GER40,d1,2996,2015-01-07 00:00:00+00:00,2026-09-20 07:00:00+00:00,0.7884,2015-01-13 00:00:00+00:00,2992,4,86400.0,0,0,81.58,0.1,0.1
GRTUSD,15m,75135,2024-04-12 00:00:00+00:00,2026-09-19 17:30:00+00:00,0.9874,2024-07-19 05:00:00+00:00,74412,723,3600.0,0,0,1.3,1.0,11.0
GRTUSD,1h,19430,2024-04-12 00:00:00+00:00,2026-09-19 17:00:00+00:00,0.9917,2024-04-12 00:00:00+00:00,19430,0,,0,0,5.04,0.0,0.0
GRTUSD,4h,4928,2024-04-12 00:00:00+00:00,2026-09-19 16:00:00+00:00,0.9825,2024-05-04 00:00:00+00:00,4912,16,86400.0,0,0,8.36,0.3,2.5
GRTUSD,d1,880,2024-04-12 00:00:00+00:00,2026-09-19 00:00:00+00:00,0.9909,2024-04-12 00:00:00+00:00,880,0,,0,0,26.36,0.0,0.0
HK50,15m,64997,2014-10-23 00:00:00+00:00,2026-09-18 05:45:00+00:00,0.8959,2023-08-22 05:15:00+00:00,60018,4979,6300.0,0,0,9.65,7.7,74.2
HK50,1h,20544,2014-10-23 00:00:00+00:00,2026-09-15 08:00:00+00:00,0.8199,2022-11-18 00:00:00+00:00,18534,2010,86400.0,0,0,27.52,9.8,67.8
HK50,4h,7420,2014-10-23 00:00:00+00:00,2026-09-18 01:00:00+00:00,0.6889,2022-09-22 00:00:00+00:00,5450,1970,86400.0,0,0,46.91,26.5,66.5
HK50,d1,2953,2014-10-23 00:00:00+00:00,2026-09-16 21:00:00+00:00,0.7741,2019-05-21 00:00:00+00:00,1822,1131,86400.0,0,0,82.15,38.3,38.4
INCUSD,15m,75114,2024-05-02 00:00:00+00:00,2026-09-19 17:45:00+00:00,0.9875,2024-07-19 05:00:00+00:00,74405,709,3600.0,0,0,1.27,0.9,9.0
INCUSD,1h,19415,2024-05-02 00:00:00+00:00,2026-09-19 17:00:00+00:00,0.9924,2024-05-02 00:00:00+00:00,19415,0,,0,0,4.91,0.0,0.0
INCUSD,4h,4913,2024-05-02 00:00:00+00:00,2026-09-19 16:00:00+00:00,0.9853,2024-05-04 00:00:00+00:00,4911,2,,0,0,7.84,0.0,0.2
INCUSD,d1,866,2024-05-02 00:00:00+00:00,2026-09-19 00:00:00+00:00,0.9942,2024-05-02 00:00:00+00:00,866,0,,0,0,24.48,0.0,0.0
IOTUSD,15m,75120,2024-05-02 00:00:00+00:00,2026-09-19 17:30:00+00:00,0.9875,2024-07-19 05:00:00+00:00,74411,709,3600.0,0,0,1.27,0.9,9.0
IOTUSD,1h,19416,2024-05-02 00:00:00+00:00,2026-09-19 17:00:00+00:00,0.9924,2024-05-02 00:00:00+00:00,19416,0,,0,0,4.91,0.0,0.0
IOTUSD,4h,4914,2024-05-02 00:00:00+00:00,2026-09-19 16:00:00+00:00,0.9853,2024-05-04 00:00:00+00:00,4912,2,,0,0,7.86,0.0,0.2
IOTUSD,d1,866,2024-05-02 00:00:00+00:00,2026-09-19 00:00:00+00:00,0.9942,2024-05-02 00:00:00+00:00,866,0,,0,0,24.48,0.0,0.0
JP225,15m,77054,2015-02-06 00:00:00+00:00,2026-09-18 05:45:00+00:00,0.923,2023-08-29 11:00:00+00:00,72080,4974,3600.0,0,0,8.06,6.5,73.7
JP225,1h,23201,2015-02-06 00:00:00+00:00,2026-09-15 08:00:00+00:00,0.8825,2022-10-27 00:00:00+00:00,21208,1993,86400.0,0,0,23.87,8.6,66.5
JP225,4h,7539,2015-02-06 00:00:00+00:00,2026-09-18 01:00:00+00:00,0.6964,2022-12-12 00:00:00+00:00,5514,2025,86400.0,0,0,41.48,26.9,67.6
JP225,d1,2999,2015-02-06 00:00:00+00:00,2026-09-16 21:00:00+00:00,0.7946,2015-02-10 00:00:00+00:00,2997,2,,0,0,81.69,0.1,0.1
KAVUSD,15m,75127,2024-05-02 00:00:00+00:00,2026-09-19 17:45:00+00:00,0.9875,2024-07-19 05:00:00+00:00,74418,709,3600.0,0,0,1.27,0.9,9.0
KAVUSD,1h,19417,2024-05-02 00:00:00+00:00,2026-09-19 17:00:00+00:00,0.9924,2024-05-02 00:00:00+00:00,19417,0,,0,0,4.91,0.0,0.0
KAVUSD,4h,4914,2024-05-02 00:00:00+00:00,2026-09-19 16:00:00+00:00,0.9853,2024-05-04 00:00:00+00:00,4912,2,,0,0,7.88,0.0,0.2
KAVUSD,d1,866,2024-05-02 00:00:00+00:00,2026-09-19 00:00:00+00:00,0.9942,2024-05-02 00:00:00+00:00,866,0,,0,0,24.48,0.0,0.0
KNCUSD,15m,75127,2024-05-02 00:00:00+00:00,2026-09-19 17:45:00+00:00,0.9875,2024-07-19 05:00:00+00:00,74418,709,3600.0,0,0,1.27,0.9,9.0
KNCUSD,1h,19417,2024-05-02 00:00:00+00:00,2026-09-19 17:00:00+00:00,0.9924,2024-05-02 00:00:00+00:00,19417,0,,0,0,4.91,0.0,0.0
KNCUSD,4h,4914,2024-05-02 00:00:00+00:00,2026-09-19 16:00:00+00:00,0.9853,2024-05-04 00:00:00+00:00,4912,2,,0,0,7.86,0.0,0.2
KNCUSD,d1,866,2024-05-02 00:00:00+00:00,2026-09-19 00:00:00+00:00,0.9942,2024-05-02 00:00:00+00:00,866,0,,0,0,24.48,0.0,0.0
KSMUSD,15m,75196,2024-05-02 00:00:00+00:00,2026-09-19 17:30:00+00:00,0.9876,2024-07-19 05:00:00+00:00,74487,709,3600.0,0,0,6.36,0.9,9.0
KSMUSD,1h,19431,2024-05-02 00:00:00+00:00,2026-09-19 17:00:00+00:00,0.9926,2024-05-02 00:00:00+00:00,19431,0,,0,0,9.52,0.0,0.0
KSMUSD,4h,4915,2024-05-02 00:00:00+00:00,2026-09-19 16:00:00+00:00,0.9856,2024-05-04 00:00:00+00:00,4913,2,,0,0,11.15,0.0,0.2
KSMUSD,d1,866,2024-05-02 00:00:00+00:00,2026-09-19 00:00:00+00:00,0.9942,2024-05-02 00:00:00+00:00,866,0,,0,0,19.75,0.0,0.0
LEAD,15m,41414,2020-07-08 00:00:00+00:00,2026-09-21 10:45:00+00:00,0.9391,2024-07-16 06:00:00+00:00,39552,1862,86400.0,0,0,5.21,4.5,64.8
LEAD,1h,11745,2020-07-08 00:00:00+00:00,2026-09-15 08:00:00+00:00,0.8642,2024-02-21 00:00:00+00:00,10830,915,86400.0,0,0,18.37,7.8,58.5
LEAD,4h,4547,2020-07-08 00:00:00+00:00,2026-09-21 05:00:00+00:00,0.7488,2024-03-12 00:00:00+00:00,3618,929,86400.0,0,0,32.35,20.4,59.3
LEAD,d1,1579,2020-07-08 00:00:00+00:00,2026-09-19 19:00:00+00:00,0.7853,2020-07-14 00:00:00+00:00,1575,4,86400.0,0,0,70.55,0.3,0.3
LNKUSD,15m,99999,2023-10-26 20:45:00+00:00,2026-09-19 17:15:00+00:00,0.9985,2023-10-26 20:45:00+00:00,99999,0,,0,0,0.44,0.0,0.0
LNKUSD,1h,28746,2023-01-20 00:00:00+00:00,2026-09-19 17:00:00+00:00,0.9939,2023-01-20 00:00:00+00:00,28746,0,,0,0,12.42,0.0,0.0
LNKUSD,4h,7244,2023-01-20 00:00:00+00:00,2026-09-19 16:00:00+00:00,0.9859,2023-01-20 00:00:00+00:00,7244,0,,0,0,17.39,0.0,0.0
LNKUSD,d1,1254,2023-01-20 00:00:00+00:00,2026-09-19 00:00:00+00:00,0.9641,2023-01-24 00:00:00+00:00,1252,2,,0,0,44.9,0.2,0.3
LRCUSD,15m,58003,2024-05-02 00:00:00+00:00,2026-03-24 01:00:00+00:00,0.9844,2024-07-19 05:00:00+00:00,57294,709,3600.0,0,0,8.4,1.2,11.3
LRCUSD,1h,15133,2024-05-02 00:00:00+00:00,2026-03-24 01:00:00+00:00,0.9921,2024-05-02 00:00:00+00:00,15133,0,,0,0,12.78,0.0,0.0
LRCUSD,4h,3836,2024-05-02 00:00:00+00:00,2026-03-24 00:00:00+00:00,0.9812,2024-05-15 00:00:00+00:00,3823,13,86400.0,0,0,16.5,0.3,1.9
LRCUSD,d1,687,2024-05-02 00:00:00+00:00,2026-03-24 00:00:00+00:00,0.9927,2024-05-02 00:00:00+00:00,687,0,,0,0,36.83,0.0,0.0
LTCUSD,15m,99999,2023-08-17 17:00:00+00:00,2026-09-19 17:15:00+00:00,0.999,2023-08-17 17:00:00+00:00,99999,0,,0,0,29.88,0.0,0.0
LTCUSD,1h,47133,2020-01-08 23:00:00+00:00,2026-09-19 17:00:00+00:00,0.9937,2020-01-08 23:00:00+00:00,47133,0,,0,0,62.8,0.0,0.0
LTCUSD,4h,11862,2020-01-08 20:00:00+00:00,2026-09-19 16:00:00+00:00,0.9768,2020-01-08 20:00:00+00:00,11862,0,,0,0,63.13,0.0,0.0
LTCUSD,d1,2061,2020-01-08 00:00:00+00:00,2026-09-19 00:00:00+00:00,0.9102,2020-01-14 00:00:00+00:00,2057,4,86400.0,0,0,64.97,0.2,0.2
MANUSD,15m,75121,2024-05-02 00:00:00+00:00,2026-09-19 17:45:00+00:00,0.9875,2024-07-19 06:00:00+00:00,74411,710,3600.0,0,0,1.2,0.9,9.0
MANUSD,1h,19417,2024-05-02 00:00:00+00:00,2026-09-19 17:00:00+00:00,0.9925,2024-05-02 00:00:00+00:00,19417,0,,0,0,4.63,0.0,0.0
MANUSD,4h,4913,2024-05-02 00:00:00+00:00,2026-09-19 16:00:00+00:00,0.9853,2024-05-04 00:00:00+00:00,4911,2,,0,0,6.7,0.0,0.2
MANUSD,d1,866,2024-05-02 00:00:00+00:00,2026-09-19 00:00:00+00:00,0.9942,2024-05-02 00:00:00+00:00,866,0,,0,0,18.48,0.0,0.0
NAS100,15m,76973,2015-02-06 00:00:00+00:00,2026-09-18 05:45:00+00:00,0.9227,2023-08-30 02:00:00+00:00,71985,4988,3600.0,0,0,8.11,6.5,73.7
NAS100,1h,23195,2015-02-06 00:00:00+00:00,2026-09-15 08:00:00+00:00,0.8824,2022-10-27 00:00:00+00:00,21202,1993,86400.0,0,0,24.16,8.6,66.5
NAS100,4h,7542,2015-02-06 00:00:00+00:00,2026-09-18 01:00:00+00:00,0.6969,2022-12-12 00:00:00+00:00,5517,2025,86400.0,0,0,42.28,26.8,67.6
NAS100,d1,2999,2015-02-06 00:00:00+00:00,2026-09-16 21:00:00+00:00,0.7946,2015-02-10 00:00:00+00:00,2997,2,,0,0,82.03,0.1,0.1
NEOUSD,15m,75134,2024-05-02 00:00:00+00:00,2026-09-19 17:30:00+00:00,0.9876,2024-07-19 05:00:00+00:00,74425,709,3600.0,0,0,1.26,0.9,9.0
NEOUSD,1h,19418,2024-05-02 00:00:00+00:00,2026-09-19 17:00:00+00:00,0.9925,2024-05-02 00:00:00+00:00,19418,0,,0,0,4.89,0.0,0.0
NEOUSD,4h,4914,2024-05-02 00:00:00+00:00,2026-09-19 16:00:00+00:00,0.9853,2024-05-04 00:00:00+00:00,4912,2,,0,0,7.79,0.0,0.2
NEOUSD,d1,866,2024-05-02 00:00:00+00:00,2026-09-19 00:00:00+00:00,0.9942,2024-05-02 00:00:00+00:00,866,0,,0,0,24.25,0.0,0.0
NERUSD,15m,75148,2024-04-12 00:00:00+00:00,2026-09-19 17:30:00+00:00,0.9874,2024-07-19 05:00:00+00:00,74425,723,3600.0,0,0,1.29,1.0,11.0
NERUSD,1h,19432,2024-04-12 00:00:00+00:00,2026-09-19 17:00:00+00:00,0.9918,2024-04-12 00:00:00+00:00,19432,0,,0,0,4.98,0.0,0.0
NERUSD,4h,4928,2024-04-12 00:00:00+00:00,2026-09-19 16:00:00+00:00,0.9825,2024-05-04 00:00:00+00:00,4912,16,86400.0,0,0,8.12,0.3,2.5
NERUSD,d1,880,2024-04-12 00:00:00+00:00,2026-09-19 00:00:00+00:00,0.9909,2024-04-12 00:00:00+00:00,880,0,,0,0,25.68,0.0,0.0
NETH25,15m,73028,2012-04-03 00:00:00+00:00,2026-09-18 05:45:00+00:00,0.9045,2023-08-18 16:00:00+00:00,67191,5837,32400.0,0,0,9.81,8.0,78.7
NETH25,1h,22866,2012-04-03 00:00:00+00:00,2026-09-15 08:00:00+00:00,0.8207,2022-09-14 00:00:00+00:00,20052,2814,86400.0,0,0,28.59,12.3,72.3
NETH25,4h,8426,2012-04-03 00:00:00+00:00,2026-09-18 01:00:00+00:00,0.5998,2023-10-18 12:00:00+00:00,4366,4060,86400.0,0,0,51.04,48.2,79.8
NETH25,d1,3838,2012-04-03 00:00:00+00:00,2026-09-16 21:00:00+00:00,0.7986,2012-04-03 00:00:00+00:00,3838,0,,0,0,86.35,0.0,0.0
NICKEL,15m,35279,2020-06-24 00:00:00+00:00,2026-09-21 11:00:00+00:00,0.9149,2024-07-12 18:00:00+00:00,33392,1887,86400.0,0,0,8.74,5.3,64.9
NICKEL,1h,10551,2020-06-24 00:00:00+00:00,2026-09-15 08:00:00+00:00,0.8474,2024-02-15 00:00:00+00:00,9640,911,86400.0,0,0,25.68,8.6,58.5
NICKEL,4h,4267,2020-06-24 00:00:00+00:00,2026-09-21 05:00:00+00:00,0.6918,2024-06-05 12:00:00+00:00,3073,1194,86400.0,0,0,38.34,28.0,63.3
NICKEL,d1,1579,2020-06-24 00:00:00+00:00,2026-09-19 19:00:00+00:00,0.784,2020-06-30 00:00:00+00:00,1575,4,86400.0,0,0,70.49,0.3,0.3
NOKJPY,15m,56545,2016-10-27 00:00:00+00:00,2026-09-18 05:45:00+00:00,0.9447,2024-07-18 00:00:00+00:00,53642,2903,86400.0,0,0,5.64,5.1,78.1
NOKJPY,1h,16325,2016-10-27 00:00:00+00:00,2026-09-15 08:00:00+00:00,0.872,2024-01-12 00:00:00+00:00,14458,1867,86400.0,0,0,18.95,11.4,72.9
NOKJPY,4h,5572,2016-10-27 00:00:00+00:00,2026-09-18 01:00:00+00:00,0.6251,2024-03-21 00:00:00+00:00,3656,1916,86400.0,0,0,40.88,34.4,74.8
NOKJPY,d1,2563,2016-10-27 00:00:00+00:00,2026-09-16 21:00:00+00:00,0.7948,2017-01-04 00:00:00+00:00,2516,47,86400.0,0,0,79.67,1.8,1.9
NOKSEK,15m,56550,2016-10-28 00:00:00+00:00,2026-09-18 05:45:00+00:00,0.9446,2024-07-18 00:00:00+00:00,53647,2903,86400.0,0,0,6.13,5.1,78.1
NOKSEK,1h,16327,2016-10-28 00:00:00+00:00,2026-09-15 08:00:00+00:00,0.8721,2024-01-12 00:00:00+00:00,14460,1867,86400.0,0,0,20.67,11.4,72.9
NOKSEK,4h,5572,2016-10-28 00:00:00+00:00,2026-09-18 01:00:00+00:00,0.6251,2024-03-21 00:00:00+00:00,3656,1916,86400.0,0,0,44.9,34.4,74.8
NOKSEK,d1,2563,2016-10-28 00:00:00+00:00,2026-09-16 21:00:00+00:00,0.7948,2017-01-04 00:00:00+00:00,2517,46,86400.0,0,0,83.73,1.8,1.9
NZDCAD,15m,77898,2015-02-20 00:00:00+00:00,2026-09-18 05:45:00+00:00,0.9232,2023-08-30 08:00:00+00:00,73035,4863,3600.0,0,0,10.86,6.2,73.6
NZDCAD,1h,23774,2015-02-20 00:00:00+00:00,2026-09-15 08:00:00+00:00,0.9039,2022-11-04 00:00:00+00:00,21775,1999,86400.0,0,0,30.04,8.4,66.6
NZDCAD,4h,7533,2015-02-20 00:00:00+00:00,2026-09-18 01:00:00+00:00,0.6969,2022-12-20 00:00:00+00:00,5502,2031,86400.0,0,0,49.46,27.0,67.6
NZDCAD,d1,3001,2015-02-20 00:00:00+00:00,2026-09-16 21:00:00+00:00,0.7954,2015-02-23 00:00:00+00:00,3000,1,,0,0,82.44,0.0,0.1
NZDCHF,15m,77903,2015-02-20 00:00:00+00:00,2026-09-18 05:45:00+00:00,0.9232,2023-08-30 08:00:00+00:00,73040,4863,3600.0,0,0,11.69,6.2,73.6
NZDCHF,1h,23774,2015-02-20 00:00:00+00:00,2026-09-15 08:00:00+00:00,0.9039,2022-11-04 00:00:00+00:00,21775,1999,86400.0,0,0,30.83,8.4,66.6
NZDCHF,4h,7533,2015-02-20 00:00:00+00:00,2026-09-18 01:00:00+00:00,0.6969,2022-12-20 00:00:00+00:00,5502,2031,86400.0,0,0,48.9,27.0,67.6
NZDCHF,d1,3001,2015-02-20 00:00:00+00:00,2026-09-16 21:00:00+00:00,0.7954,2015-02-23 00:00:00+00:00,3000,1,,0,0,82.54,0.0,0.1
NZDCNH,15m,55829,2020-07-20 00:00:00+00:00,2026-09-21 10:45:00+00:00,0.9621,2024-07-18 00:00:00+00:00,53938,1891,86400.0,0,0,3.72,3.4,64.7
NZDCNH,1h,15310,2020-07-20 00:00:00+00:00,2026-09-15 08:00:00+00:00,0.9295,2024-01-12 00:00:00+00:00,14455,855,86400.0,0,0,13.57,5.6,56.5
NZDCNH,4h,4589,2020-07-20 00:00:00+00:00,2026-09-21 05:00:00+00:00,0.762,2024-04-03 00:00:00+00:00,3676,913,86400.0,0,0,28.33,19.9,60.0
NZDCNH,d1,1566,2020-07-20 00:00:00+00:00,2026-09-20 07:00:00+00:00,0.788,2020-07-21 00:00:00+00:00,1565,1,,0,0,68.9,0.1,0.0
NZDJPY,15m,77902,2015-02-20 00:00:00+00:00,2026-09-18 05:45:00+00:00,0.9232,2023-08-30 09:00:00+00:00,73038,4864,3600.0,0,0,18.0,6.2,73.6
NZDJPY,1h,23775,2015-02-20 00:00:00+00:00,2026-09-15 08:00:00+00:00,0.904,2022-11-04 00:00:00+00:00,21776,1999,86400.0,0,0,40.84,8.4,66.6
NZDJPY,4h,7533,2015-02-20 00:00:00+00:00,2026-09-18 01:00:00+00:00,0.6969,2022-12-20 00:00:00+00:00,5502,2031,86400.0,0,0,61.21,27.0,67.6
NZDJPY,d1,3001,2015-02-20 00:00:00+00:00,2026-09-16 21:00:00+00:00,0.7954,2015-02-23 00:00:00+00:00,3000,1,,0,0,86.1,0.0,0.1
NZDSGD,15m,76767,2014-11-11 00:00:00+00:00,2026-09-18 05:45:00+00:00,0.9354,2023-08-30 04:00:00+00:00,72950,3817,3600.0,0,0,10.96,5.0,74.2
NZDSGD,1h,22725,2014-11-11 00:00:00+00:00,2026-09-15 08:00:00+00:00,0.9453,2022-11-07 00:00:00+00:00,21768,957,86400.0,0,0,29.69,4.2,67.4
NZDSGD,4h,6491,2014-11-11 00:00:00+00:00,2026-09-18 01:00:00+00:00,0.8088,2023-01-05 00:00:00+00:00,5492,999,86400.0,0,0,47.11,15.4,68.8
NZDSGD,d1,1959,2014-11-11 00:00:00+00:00,2026-09-16 21:00:00+00:00,0.7948,2019-03-05 00:00:00+00:00,1957,2,,0,0,82.34,0.1,36.4
NZDUSD,15m,78220,2015-02-23 00:00:00+00:00,2026-09-21 10:45:00+00:00,0.9236,2023-08-30 08:00:00+00:00,73357,4863,3600.0,0,0,39.75,6.2,73.6
NZDUSD,1h,23774,2015-02-23 00:00:00+00:00,2026-09-15 08:00:00+00:00,0.9039,2022-11-04 00:00:00+00:00,21775,1999,86400.0,0,0,58.31,8.4,66.6
NZDUSD,4h,7562,2015-02-23 00:00:00+00:00,2026-09-21 05:00:00+00:00,0.6961,2022-12-20 00:00:00+00:00,5531,2031,86400.0,0,0,70.56,26.9,67.6
NZDUSD,d1,3016,2015-02-23 00:00:00+00:00,2026-09-20 07:00:00+00:00,0.7921,2015-02-23 00:00:00+00:00,3016,0,,0,0,92.94,0.0,0.0
ONTUSD,15m,75125,2024-05-02 00:00:00+00:00,2026-09-19 17:45:00+00:00,0.9875,2024-07-19 05:00:00+00:00,74416,709,3600.0,0,0,1.27,0.9,9.0
ONTUSD,1h,19417,2024-05-02 00:00:00+00:00,2026-09-19 17:00:00+00:00,0.9924,2024-05-02 00:00:00+00:00,19417,0,,0,0,4.9,0.0,0.0
ONTUSD,4h,4914,2024-05-02 00:00:00+00:00,2026-09-19 16:00:00+00:00,0.9853,2024-05-04 00:00:00+00:00,4912,2,,0,0,7.81,0.0,0.2
ONTUSD,d1,866,2024-05-02 00:00:00+00:00,2026-09-19 00:00:00+00:00,0.9942,2024-05-02 00:00:00+00:00,866,0,,0,0,24.25,0.0,0.0
QTMUSD,15m,75127,2024-05-02 00:00:00+00:00,2026-09-19 17:45:00+00:00,0.9875,2024-07-19 05:00:00+00:00,74418,709,3600.0,0,0,1.27,0.9,9.0
QTMUSD,1h,19417,2024-05-02 00:00:00+00:00,2026-09-19 17:00:00+00:00,0.9924,2024-05-02 00:00:00+00:00,19417,0,,0,0,4.9,0.0,0.0
QTMUSD,4h,4914,2024-05-02 00:00:00+00:00,2026-09-19 16:00:00+00:00,0.9853,2024-05-04 00:00:00+00:00,4912,2,,0,0,7.81,0.0,0.2
QTMUSD,d1,866,2024-05-02 00:00:00+00:00,2026-09-19 00:00:00+00:00,0.9942,2024-05-02 00:00:00+00:00,866,0,,0,0,24.36,0.0,0.0
SGDJPY,15m,77908,2015-02-23 00:00:00+00:00,2026-09-18 05:45:00+00:00,0.9232,2023-08-30 07:00:00+00:00,73042,4866,3600.0,0,0,9.65,6.2,73.6
SGDJPY,1h,23777,2015-02-23 00:00:00+00:00,2026-09-15 08:00:00+00:00,0.9039,2022-11-04 00:00:00+00:00,21778,1999,86400.0,0,0,27.21,8.4,66.6
SGDJPY,4h,7535,2015-02-23 00:00:00+00:00,2026-09-18 01:00:00+00:00,0.697,2022-12-20 00:00:00+00:00,5504,2031,86400.0,0,0,44.8,27.0,67.6
SGDJPY,d1,3001,2015-02-23 00:00:00+00:00,2026-09-16 21:00:00+00:00,0.7957,2015-02-23 00:00:00+00:00,3001,0,,0,0,81.11,0.0,0.0
SKLUSD,15m,75127,2024-05-02 00:00:00+00:00,2026-09-19 17:45:00+00:00,0.9875,2024-07-19 05:00:00+00:00,74418,709,3600.0,0,0,1.27,0.9,9.0
SKLUSD,1h,19417,2024-05-02 00:00:00+00:00,2026-09-19 17:00:00+00:00,0.9924,2024-05-02 00:00:00+00:00,19417,0,,0,0,4.92,0.0,0.0
SKLUSD,4h,4914,2024-05-02 00:00:00+00:00,2026-09-19 16:00:00+00:00,0.9853,2024-05-04 00:00:00+00:00,4912,2,,0,0,7.9,0.0,0.2
SKLUSD,d1,866,2024-05-02 00:00:00+00:00,2026-09-19 00:00:00+00:00,0.9942,2024-05-02 00:00:00+00:00,866,0,,0,0,24.83,0.0,0.0
SNDUSD,15m,75127,2024-05-02 00:00:00+00:00,2026-09-19 17:45:00+00:00,0.9875,2024-07-19 05:00:00+00:00,74418,709,3600.0,0,0,1.23,0.9,9.0
SNDUSD,1h,19417,2024-05-02 00:00:00+00:00,2026-09-19 17:00:00+00:00,0.9924,2024-05-02 00:00:00+00:00,19417,0,,0,0,4.77,0.0,0.0
SNDUSD,4h,4914,2024-05-02 00:00:00+00:00,2026-09-19 16:00:00+00:00,0.9853,2024-05-04 00:00:00+00:00,4912,2,,0,0,7.31,0.0,0.2
SNDUSD,d1,866,2024-05-02 00:00:00+00:00,2026-09-19 00:00:00+00:00,0.9942,2024-05-02 00:00:00+00:00,866,0,,0,0,21.71,0.0,0.0
SNXUSD,15m,75120,2024-05-02 00:00:00+00:00,2026-09-19 17:45:00+00:00,0.9875,2024-07-19 06:00:00+00:00,74410,710,3600.0,0,0,1.19,0.9,9.0
SNXUSD,1h,19417,2024-05-02 00:00:00+00:00,2026-09-19 17:00:00+00:00,0.9925,2024-05-02 00:00:00+00:00,19417,0,,0,0,4.59,0.0,0.0
SNXUSD,4h,4913,2024-05-02 00:00:00+00:00,2026-09-19 16:00:00+00:00,0.9853,2024-05-04 00:00:00+00:00,4911,2,,0,0,6.59,0.0,0.2
SNXUSD,d1,866,2024-05-02 00:00:00+00:00,2026-09-19 00:00:00+00:00,0.9942,2024-05-02 00:00:00+00:00,866,0,,0,0,17.9,0.0,0.0
SOLUSD,15m,75345,2024-04-12 00:00:00+00:00,2026-09-19 17:00:00+00:00,0.9876,2024-07-19 05:00:00+00:00,74622,723,3600.0,0,0,4.1,1.0,11.0
SOLUSD,1h,19471,2024-04-12 00:00:00+00:00,2026-09-19 17:00:00+00:00,0.9921,2024-04-12 00:00:00+00:00,19471,0,,0,0,7.81,0.0,0.0
SOLUSD,4h,4934,2024-04-12 00:00:00+00:00,2026-09-19 16:00:00+00:00,0.983,2024-05-04 00:00:00+00:00,4918,16,86400.0,0,0,9.67,0.3,2.5
SOLUSD,d1,880,2024-04-12 00:00:00+00:00,2026-09-19 00:00:00+00:00,0.9909,2024-04-12 00:00:00+00:00,880,0,,0,0,19.2,0.0,0.0
SP500,15m,76991,2015-02-18 00:00:00+00:00,2026-09-18 05:45:00+00:00,0.9229,2023-08-29 17:00:00+00:00,72011,4980,3600.0,0,0,8.04,6.5,73.6
SP500,1h,23194,2015-02-18 00:00:00+00:00,2026-09-15 08:00:00+00:00,0.8824,2022-10-27 00:00:00+00:00,21201,1993,86400.0,0,0,23.87,8.6,66.4
SP500,4h,7543,2015-02-18 00:00:00+00:00,2026-09-18 01:00:00+00:00,0.6969,2022-12-12 00:00:00+00:00,5518,2025,86400.0,0,0,41.47,26.8,67.5
SP500,d1,2999,2015-02-18 00:00:00+00:00,2026-09-16 21:00:00+00:00,0.7949,2015-02-24 00:00:00+00:00,2995,4,86400.0,0,0,81.79,0.1,0.1
STOUSD,15m,73022,2024-05-02 00:00:00+00:00,2026-09-14 03:15:00+00:00,0.9871,2024-07-19 05:00:00+00:00,72313,709,3600.0,0,0,1.31,1.0,9.0
STOUSD,1h,18899,2024-05-02 00:00:00+00:00,2026-09-14 03:00:00+00:00,0.9919,2024-05-02 00:00:00+00:00,18899,0,,0,0,5.08,0.0,0.0
STOUSD,4h,4790,2024-05-02 00:00:00+00:00,2026-09-14 00:00:00+00:00,0.9829,2024-05-06 00:00:00+00:00,4786,4,86400.0,0,0,8.2,0.1,0.5
STOUSD,d1,852,2024-05-02 00:00:00+00:00,2026-09-14 00:00:00+00:00,0.9883,2024-05-02 00:00:00+00:00,852,0,,0,0,25.47,0.0,0.0
STOXX50,15m,74188,2014-12-04 00:00:00+00:00,2026-09-18 05:45:00+00:00,0.9183,2023-08-22 08:15:00+00:00,69289,4899,3600.0,0,0,8.87,6.6,73.9
STOXX50,1h,22531,2014-12-04 00:00:00+00:00,2026-09-15 08:00:00+00:00,0.8538,2022-11-18 00:00:00+00:00,20522,2009,86400.0,0,0,25.38,8.9,67.5
STOXX50,4h,7558,2014-12-04 00:00:00+00:00,2026-09-18 01:00:00+00:00,0.7003,2022-11-14 00:00:00+00:00,5553,2005,86400.0,0,0,43.94,26.5,67.4
STOXX50,d1,2983,2014-12-04 00:00:00+00:00,2026-09-16 21:00:00+00:00,0.7898,2021-04-13 00:00:00+00:00,1388,1595,86400.0,0,0,82.84,53.5,53.9
SWISS20,15m,50959,2020-07-10 00:00:00+00:00,2026-09-18 05:45:00+00:00,0.9507,2024-07-17 12:00:00+00:00,49091,1868,86400.0,0,0,3.89,3.7,64.9
SWISS20,1h,14158,2020-07-10 00:00:00+00:00,2026-09-15 08:00:00+00:00,0.8924,2024-01-08 00:00:00+00:00,13274,884,86400.0,0,0,13.99,6.2,56.5
SWISS20,4h,4431,2020-07-10 00:00:00+00:00,2026-09-18 01:00:00+00:00,0.7499,2024-04-02 00:00:00+00:00,3488,943,86400.0,0,0,28.03,21.3,60.2
SWISS20,d1,1559,2020-07-10 00:00:00+00:00,2026-09-16 21:00:00+00:00,0.7838,2020-07-14 00:00:00+00:00,1557,2,,0,0,66.52,0.1,0.2
SXPUSD,15m,47709,2024-05-02 00:00:00+00:00,2025-12-05 23:00:00+00:00,0.9814,2024-07-19 05:00:00+00:00,47000,709,3600.0,0,0,2.0,1.5,13.4
SXPUSD,1h,12560,2024-05-02 00:00:00+00:00,2025-12-05 23:00:00+00:00,0.9916,2024-05-02 00:00:00+00:00,12560,0,,0,0,7.59,0.0,0.0
SXPUSD,4h,3191,2024-05-02 00:00:00+00:00,2025-12-05 20:00:00+00:00,0.9774,2024-05-22 00:00:00+00:00,3171,20,86400.0,0,0,12.1,0.6,3.4
SXPUSD,d1,578,2024-05-02 00:00:00+00:00,2025-12-05 00:00:00+00:00,0.9913,2024-05-02 00:00:00+00:00,578,0,,0,0,36.68,0.0,0.0
THTUSD,15m,75140,2024-05-02 00:00:00+00:00,2026-09-19 17:45:00+00:00,0.9876,2024-07-19 06:00:00+00:00,74430,710,3600.0,0,0,1.11,0.9,9.0
THTUSD,1h,19419,2024-05-02 00:00:00+00:00,2026-09-19 17:00:00+00:00,0.9926,2024-05-02 00:00:00+00:00,19419,0,,0,0,4.28,0.0,0.0
THTUSD,4h,4913,2024-05-02 00:00:00+00:00,2026-09-19 16:00:00+00:00,0.9853,2024-05-04 00:00:00+00:00,4911,2,,0,0,5.35,0.0,0.2
THTUSD,d1,866,2024-05-02 00:00:00+00:00,2026-09-19 00:00:00+00:00,0.9942,2024-05-02 00:00:00+00:00,866,0,,0,0,11.89,0.0,0.0
TRXUSD,15m,75157,2024-04-12 00:00:00+00:00,2026-09-19 17:30:00+00:00,0.9874,2024-07-19 05:00:00+00:00,74434,723,3600.0,0,0,1.35,1.0,11.0
TRXUSD,1h,19433,2024-04-12 00:00:00+00:00,2026-09-19 17:00:00+00:00,0.9918,2024-04-12 00:00:00+00:00,19433,0,,0,0,5.2,0.0,0.0
TRXUSD,4h,4928,2024-04-12 00:00:00+00:00,2026-09-19 16:00:00+00:00,0.9825,2024-05-04 00:00:00+00:00,4912,16,86400.0,0,0,8.42,0.3,2.5
TRXUSD,d1,880,2024-04-12 00:00:00+00:00,2026-09-19 00:00:00+00:00,0.9909,2024-04-12 00:00:00+00:00,880,0,,0,0,22.5,0.0,0.0
UK100,15m,73066,2014-12-29 00:00:00+00:00,2026-09-18 05:45:00+00:00,0.9156,2023-08-25 08:00:00+00:00,68086,4980,3600.0,0,0,8.59,6.8,73.8
UK100,1h,22292,2014-12-29 00:00:00+00:00,2026-09-15 08:00:00+00:00,0.8537,2022-11-15 00:00:00+00:00,20285,2007,86400.0,0,0,25.33,9.0,67.3
UK100,4h,7534,2014-12-29 00:00:00+00:00,2026-09-18 01:00:00+00:00,0.7004,2022-11-04 00:00:00+00:00,5534,2000,86400.0,0,0,43.23,26.5,67.0
UK100,d1,2977,2014-12-29 00:00:00+00:00,2026-09-16 21:00:00+00:00,0.7914,2015-01-06 00:00:00+00:00,2972,5,129600.0,0,0,82.0,0.2,0.2
UKBRENT,15m,59247,2016-10-19 00:00:00+00:00,2026-09-18 05:45:00+00:00,0.9367,2023-07-18 00:00:00+00:00,57504,1743,86400.0,0,0,5.45,2.9,68.0
UKBRENT,1h,17132,2016-10-19 00:00:00+00:00,2026-09-15 08:00:00+00:00,0.8482,2023-08-11 00:00:00+00:00,15371,1761,86400.0,0,0,18.82,10.3,68.7
UKBRENT,4h,6184,2016-10-19 00:00:00+00:00,2026-09-18 01:00:00+00:00,0.6782,2023-09-14 00:00:00+00:00,4399,1785,86400.0,0,0,37.68,28.9,69.6
UKBRENT,d1,2562,2016-10-19 00:00:00+00:00,2026-09-16 21:00:00+00:00,0.7943,2017-01-04 00:00:00+00:00,2509,53,86400.0,0,0,78.49,2.1,2.1
UNIUSD,15m,75352,2024-04-12 00:00:00+00:00,2026-09-19 17:30:00+00:00,0.9877,2024-07-19 05:00:00+00:00,74629,723,3600.0,0,0,1.29,1.0,11.0
UNIUSD,1h,19471,2024-04-12 00:00:00+00:00,2026-09-19 17:00:00+00:00,0.992,2024-04-12 00:00:00+00:00,19471,0,,0,0,4.98,0.0,0.0
UNIUSD,4h,4935,2024-04-12 00:00:00+00:00,2026-09-19 16:00:00+00:00,0.983,2024-05-04 00:00:00+00:00,4919,16,86400.0,0,0,8.15,0.3,2.5
UNIUSD,d1,880,2024-04-12 00:00:00+00:00,2026-09-19 00:00:00+00:00,0.9909,2024-04-12 00:00:00+00:00,880,0,,0,0,25.68,0.0,0.0
US2000,15m,53127,2020-08-11 00:00:00+00:00,2026-09-21 10:45:00+00:00,0.9522,2024-07-17 12:00:00+00:00,51259,1868,86400.0,0,0,3.71,3.5,64.3
US2000,1h,14636,2020-08-11 00:00:00+00:00,2026-09-15 08:00:00+00:00,0.8942,2024-01-12 00:00:00+00:00,13751,885,86400.0,0,0,13.46,6.0,56.1
US2000,4h,4591,2020-08-11 00:00:00+00:00,2026-09-21 05:00:00+00:00,0.753,2024-04-09 00:00:00+00:00,3646,945,86400.0,0,0,26.88,20.6,59.9
US2000,d1,1593,2020-08-11 00:00:00+00:00,2026-09-20 07:00:00+00:00,0.7878,2020-08-18 00:00:00+00:00,1588,5,86400.0,0,0,64.6,0.3,0.3
USDCAD,15m,77911,2015-02-20 00:00:00+00:00,2026-09-18 05:45:00+00:00,0.9233,2023-08-30 08:00:00+00:00,73048,4863,3600.0,0,0,29.76,6.2,73.6
USDCAD,1h,23774,2015-02-20 00:00:00+00:00,2026-09-15 08:00:00+00:00,0.9039,2022-11-04 00:00:00+00:00,21775,1999,86400.0,0,0,46.25,8.4,66.6
USDCAD,4h,7533,2015-02-20 00:00:00+00:00,2026-09-18 01:00:00+00:00,0.6969,2022-12-20 00:00:00+00:00,5502,2031,86400.0,0,0,62.94,27.0,67.6
USDCAD,d1,3001,2015-02-20 00:00:00+00:00,2026-09-16 21:00:00+00:00,0.7954,2015-02-23 00:00:00+00:00,3000,1,,0,0,90.77,0.0,0.1
USDCHF,15m,77912,2015-02-20 00:00:00+00:00,2026-09-18 05:45:00+00:00,0.9233,2023-08-30 08:00:00+00:00,73049,4863,3600.0,0,0,47.54,6.2,73.6
USDCHF,1h,23775,2015-02-20 00:00:00+00:00,2026-09-15 08:00:00+00:00,0.904,2022-11-04 00:00:00+00:00,21776,1999,86400.0,0,0,65.24,8.4,66.6
USDCHF,4h,7533,2015-02-20 00:00:00+00:00,2026-09-18 01:00:00+00:00,0.6969,2022-12-20 00:00:00+00:00,5502,2031,86400.0,0,0,79.81,27.0,67.6
USDCHF,d1,3001,2015-02-20 00:00:00+00:00,2026-09-16 21:00:00+00:00,0.7954,2015-02-23 00:00:00+00:00,3000,1,,0,0,93.94,0.0,0.1
USDCNH,15m,75382,2023-04-17 00:00:00+00:00,2026-09-18 05:45:00+00:00,0.9543,2023-08-30 07:00:00+00:00,73052,2330,3600.0,0,0,6.26,3.1,10.8
USDCNH,1h,21243,2023-04-17 00:00:00+00:00,2026-09-15 08:00:00+00:00,0.9913,2023-04-17 00:00:00+00:00,21243,0,,0,0,17.52,0.0,0.0
USDCNH,4h,5330,2023-04-17 00:00:00+00:00,2026-09-18 01:00:00+00:00,0.9655,2023-04-17 00:00:00+00:00,5330,0,,0,0,19.06,0.0,0.0
USDCNH,d1,888,2023-04-17 00:00:00+00:00,2026-09-16 21:00:00+00:00,0.7928,2023-04-17 00:00:00+00:00,888,0,,0,0,28.72,0.0,0.0
USDHKD,15m,74023,2020-08-17 00:00:00+00:00,2026-09-21 11:00:00+00:00,0.976,2023-04-26 00:00:00+00:00,73325,698,86400.0,0,0,3.1,0.9,44.1
USDHKD,1h,19576,2020-08-17 00:00:00+00:00,2026-09-15 08:00:00+00:00,0.951,2023-04-27 00:00:00+00:00,18877,699,86400.0,0,0,9.36,3.6,44.3
USDHKD,4h,5537,2020-08-17 00:00:00+00:00,2026-09-21 05:00:00+00:00,0.8243,2023-07-05 00:00:00+00:00,4789,748,86400.0,0,0,19.97,13.5,47.3
USDHKD,d1,1594,2020-08-17 00:00:00+00:00,2026-09-20 07:00:00+00:00,0.7886,2020-08-18 00:00:00+00:00,1593,1,,0,0,56.34,0.1,0.0
USDHUF,15m,73642,2020-08-17 00:00:00+00:00,2026-09-18 05:45:00+00:00,0.9755,2023-04-24 00:00:00+00:00,72946,696,86400.0,0,0,7.1,0.9,44.1
USDHUF,1h,19576,2020-08-17 00:00:00+00:00,2026-09-15 08:00:00+00:00,0.951,2023-04-26 00:00:00+00:00,18878,698,86400.0,0,0,20.72,3.6,44.2
USDHUF,4h,5508,2020-08-17 00:00:00+00:00,2026-09-18 01:00:00+00:00,0.8261,2023-07-05 00:00:00+00:00,4760,748,86400.0,0,0,44.68,13.6,47.3
USDHUF,d1,1579,2020-08-17 00:00:00+00:00,2026-09-16 21:00:00+00:00,0.7954,2020-08-18 00:00:00+00:00,1578,1,,0,0,86.83,0.1,0.0
USDJPY,15m,77910,2015-02-20 00:00:00+00:00,2026-09-18 05:45:00+00:00,0.9233,2023-08-30 08:00:00+00:00,73047,4863,3600.0,0,0,59.09,6.2,73.6
USDJPY,1h,23774,2015-02-20 00:00:00+00:00,2026-09-15 08:00:00+00:00,0.9039,2022-11-04 00:00:00+00:00,21775,1999,86400.0,0,0,69.13,8.4,66.6
USDJPY,4h,7533,2015-02-20 00:00:00+00:00,2026-09-18 01:00:00+00:00,0.6969,2022-12-20 00:00:00+00:00,5502,2031,86400.0,0,0,78.79,27.0,67.6
USDJPY,d1,3001,2015-02-20 00:00:00+00:00,2026-09-16 21:00:00+00:00,0.7954,2015-02-23 00:00:00+00:00,3000,1,,0,0,92.14,0.0,0.1
USDMXN,15m,77938,2015-02-20 00:00:00+00:00,2026-09-18 05:45:00+00:00,0.9234,2023-08-30 03:00:00+00:00,73080,4858,3600.0,0,0,9.48,6.2,73.6
USDMXN,1h,23774,2015-02-20 00:00:00+00:00,2026-09-15 08:00:00+00:00,0.9039,2022-11-04 00:00:00+00:00,21775,1999,86400.0,0,0,26.66,8.4,66.6
USDMXN,4h,7533,2015-02-20 00:00:00+00:00,2026-09-18 01:00:00+00:00,0.6969,2022-12-20 00:00:00+00:00,5502,2031,86400.0,0,0,43.37,27.0,67.6
USDMXN,d1,3001,2015-02-20 00:00:00+00:00,2026-09-16 21:00:00+00:00,0.7954,2015-02-23 00:00:00+00:00,3000,1,,0,0,79.47,0.0,0.1
USDNOK,15m,77915,2015-02-20 00:00:00+00:00,2026-09-18 05:45:00+00:00,0.9233,2023-08-30 07:00:00+00:00,73053,4862,3600.0,0,0,10.96,6.2,73.6
USDNOK,1h,23775,2015-02-20 00:00:00+00:00,2026-09-15 08:00:00+00:00,0.904,2022-11-04 00:00:00+00:00,21776,1999,86400.0,0,0,30.08,8.4,66.6
USDNOK,4h,7533,2015-02-20 00:00:00+00:00,2026-09-18 01:00:00+00:00,0.6969,2022-12-20 00:00:00+00:00,5502,2031,86400.0,0,0,48.88,27.0,67.6
USDNOK,d1,3001,2015-02-20 00:00:00+00:00,2026-09-16 21:00:00+00:00,0.7954,2015-02-23 00:00:00+00:00,3000,1,,0,0,82.84,0.0,0.1
USDSEK,15m,73949,2020-08-17 00:00:00+00:00,2026-09-21 10:45:00+00:00,0.9756,2023-04-24 00:00:00+00:00,73253,696,86400.0,0,0,8.16,0.9,44.0
USDSEK,1h,19577,2020-08-17 00:00:00+00:00,2026-09-15 08:00:00+00:00,0.9511,2023-04-26 00:00:00+00:00,18879,698,86400.0,0,0,18.15,3.6,44.2
USDSEK,4h,5537,2020-08-17 00:00:00+00:00,2026-09-21 05:00:00+00:00,0.8243,2023-07-05 00:00:00+00:00,4789,748,86400.0,0,0,31.86,13.5,47.3
USDSEK,d1,1594,2020-08-17 00:00:00+00:00,2026-09-20 07:00:00+00:00,0.7886,2020-08-18 00:00:00+00:00,1593,1,,0,0,67.63,0.1,0.0
USDSGD,15m,77927,2015-02-20 00:00:00+00:00,2026-09-18 05:45:00+00:00,0.9233,2023-08-30 02:00:00+00:00,73070,4857,3600.0,0,0,10.41,6.2,73.6
USDSGD,1h,23775,2015-02-20 00:00:00+00:00,2026-09-15 08:00:00+00:00,0.904,2022-11-04 00:00:00+00:00,21776,1999,86400.0,0,0,29.17,8.4,66.6
USDSGD,4h,7533,2015-02-20 00:00:00+00:00,2026-09-18 01:00:00+00:00,0.6969,2022-12-20 00:00:00+00:00,5502,2031,86400.0,0,0,48.72,27.0,67.6
USDSGD,d1,3001,2015-02-20 00:00:00+00:00,2026-09-16 21:00:00+00:00,0.7954,2015-02-23 00:00:00+00:00,3000,1,,0,0,82.47,0.0,0.1
USDTHB,15m,56555,2016-05-24 00:00:00+00:00,2026-09-18 05:45:00+00:00,0.9447,2024-07-18 00:00:00+00:00,53652,2903,86400.0,0,0,5.43,5.1,79.0
USDTHB,1h,16327,2016-05-24 00:00:00+00:00,2026-09-15 08:00:00+00:00,0.8721,2024-01-12 00:00:00+00:00,14460,1867,86400.0,0,0,18.76,11.4,74.1
USDTHB,4h,5572,2016-05-24 00:00:00+00:00,2026-09-18 01:00:00+00:00,0.6251,2024-03-21 00:00:00+00:00,3656,1916,86400.0,0,0,40.92,34.4,75.8
USDTHB,d1,2563,2016-05-24 00:00:00+00:00,2026-09-16 21:00:00+00:00,0.7983,2016-05-24 00:00:00+00:00,2563,0,,0,0,80.26,0.0,0.0
USDZAR,15m,77976,2015-02-19 00:00:00+00:00,2026-09-18 05:45:00+00:00,0.9236,2023-08-29 19:00:00+00:00,73126,4850,3600.0,0,0,17.34,6.2,73.6
USDZAR,1h,23775,2015-02-19 00:00:00+00:00,2026-09-15 08:00:00+00:00,0.904,2022-11-04 00:00:00+00:00,21776,1999,86400.0,0,0,35.58,8.4,66.6
USDZAR,4h,7533,2015-02-19 00:00:00+00:00,2026-09-18 01:00:00+00:00,0.6969,2022-12-20 00:00:00+00:00,5502,2031,86400.0,0,0,51.71,27.0,67.7
USDZAR,d1,3001,2015-02-19 00:00:00+00:00,2026-09-16 21:00:00+00:00,0.7954,2015-02-20 00:00:00+00:00,3000,1,,0,0,83.01,0.0,0.0
USWTI,15m,64288,2016-10-18 00:00:00+00:00,2026-09-18 05:45:00+00:00,0.9429,2023-07-18 00:00:00+00:00,62546,1742,86400.0,0,0,4.8,2.7,68.0
USWTI,1h,18330,2016-10-18 00:00:00+00:00,2026-09-15 08:00:00+00:00,0.867,2023-07-14 00:00:00+00:00,16590,1740,86400.0,0,0,16.84,9.5,68.0
USWTI,4h,6137,2016-10-18 00:00:00+00:00,2026-09-18 01:00:00+00:00,0.6744,2023-09-14 00:00:00+00:00,4353,1784,86400.0,0,0,36.66,29.1,69.6
USWTI,d1,2561,2016-10-18 00:00:00+00:00,2026-09-16 21:00:00+00:00,0.7942,2017-01-10 00:00:00+00:00,2503,58,86400.0,0,0,78.68,2.3,2.3
VETUSD,15m,75142,2024-04-12 00:00:00+00:00,2026-09-19 17:30:00+00:00,0.9873,2024-07-19 06:00:00+00:00,74418,724,3600.0,0,0,3.62,1.0,11.0
VETUSD,1h,19432,2024-04-12 00:00:00+00:00,2026-09-19 17:00:00+00:00,0.9918,2024-04-12 00:00:00+00:00,19432,0,,0,0,8.84,0.0,0.0
VETUSD,4h,4927,2024-04-12 00:00:00+00:00,2026-09-19 16:00:00+00:00,0.9825,2024-05-04 00:00:00+00:00,4911,16,86400.0,0,0,16.3,0.3,2.5
VETUSD,d1,880,2024-04-12 00:00:00+00:00,2026-09-19 00:00:00+00:00,0.9909,2024-04-12 00:00:00+00:00,880,0,,0,0,36.02,0.0,0.0
XAGAUD,15m,52089,2023-01-20 00:00:00+00:00,2026-09-18 05:45:00+00:00,0.962,2024-07-22 10:00:00+00:00,50783,1306,3600.0,0,0,2.73,2.5,41.1
XAGAUD,1h,14024,2023-01-20 00:00:00+00:00,2026-09-15 08:00:00+00:00,0.935,2024-01-15 00:00:00+00:00,13771,253,86400.0,0,0,10.15,1.8,27.0
XAGAUD,4h,3937,2023-01-20 00:00:00+00:00,2026-09-18 01:00:00+00:00,0.8799,2024-04-10 00:00:00+00:00,3623,314,86400.0,0,0,16.15,8.0,33.4
XAGAUD,d1,945,2023-01-20 00:00:00+00:00,2026-09-16 21:00:00+00:00,0.7915,2023-01-23 00:00:00+00:00,944,1,,0,0,43.81,0.1,0.2
XAGEUR,15m,52098,2023-01-20 00:00:00+00:00,2026-09-18 05:45:00+00:00,0.9623,2024-07-22 10:00:00+00:00,50792,1306,3600.0,0,0,14.28,2.5,41.1
XAGEUR,1h,14025,2023-01-20 00:00:00+00:00,2026-09-15 08:00:00+00:00,0.9348,2024-01-15 00:00:00+00:00,13772,253,86400.0,0,0,28.21,1.8,27.0
XAGEUR,4h,3936,2023-01-20 00:00:00+00:00,2026-09-18 01:00:00+00:00,0.8798,2024-04-10 00:00:00+00:00,3622,314,86400.0,0,0,42.12,8.0,33.4
XAGEUR,d1,945,2023-01-20 00:00:00+00:00,2026-09-16 21:00:00+00:00,0.7915,2023-01-23 00:00:00+00:00,944,1,,0,0,70.9,0.1,0.2
XAGSGD,15m,52075,2023-01-20 00:00:00+00:00,2026-09-18 05:45:00+00:00,0.9622,2024-07-22 10:00:00+00:00,50769,1306,3600.0,0,0,6.96,2.5,41.1
XAGSGD,1h,14020,2023-01-20 00:00:00+00:00,2026-09-15 08:00:00+00:00,0.9347,2024-01-15 00:00:00+00:00,13767,253,86400.0,0,0,16.98,1.8,27.0
XAGSGD,4h,3934,2023-01-20 00:00:00+00:00,2026-09-18 01:00:00+00:00,0.8798,2024-04-10 00:00:00+00:00,3620,314,86400.0,0,0,25.47,8.0,33.4
XAGSGD,d1,945,2023-01-20 00:00:00+00:00,2026-09-16 21:00:00+00:00,0.7915,2023-01-23 00:00:00+00:00,944,1,,0,0,54.81,0.1,0.2
XAGUSD,15m,52757,2020-08-10 00:00:00+00:00,2026-09-18 05:45:00+00:00,0.9508,2024-07-22 10:00:00+00:00,50819,1938,86400.0,0,0,6.18,3.7,64.7
XAGUSD,1h,14661,2020-08-10 00:00:00+00:00,2026-09-15 08:00:00+00:00,0.8947,2024-01-15 00:00:00+00:00,13776,885,86400.0,0,0,18.69,6.0,56.3
XAGUSD,4h,4569,2020-08-10 00:00:00+00:00,2026-09-18 01:00:00+00:00,0.7582,2024-04-03 00:00:00+00:00,3628,941,86400.0,0,0,35.78,20.6,59.7
XAGUSD,d1,1577,2020-08-10 00:00:00+00:00,2026-09-16 21:00:00+00:00,0.7945,2020-08-11 00:00:00+00:00,1576,1,,0,0,75.71,0.1,0.0
XAUAUD,15m,52144,2023-01-20 00:00:00+00:00,2026-09-18 05:45:00+00:00,0.9623,2024-07-22 10:00:00+00:00,50838,1306,3600.0,0,0,2.7,2.5,41.1
XAUAUD,1h,14033,2023-01-20 00:00:00+00:00,2026-09-15 08:00:00+00:00,0.9349,2024-01-15 00:00:00+00:00,13780,253,86400.0,0,0,10.03,1.8,27.0
XAUAUD,4h,3937,2023-01-20 00:00:00+00:00,2026-09-18 01:00:00+00:00,0.8799,2024-04-10 00:00:00+00:00,3623,314,86400.0,0,0,15.77,8.0,33.4
XAUAUD,d1,945,2023-01-20 00:00:00+00:00,2026-09-16 21:00:00+00:00,0.7915,2023-01-23 00:00:00+00:00,944,1,,0,0,42.12,0.1,0.2
XAUCNH,15m,52416,2023-01-20 00:00:00+00:00,2026-09-21 10:45:00+00:00,0.9625,2024-07-22 10:00:00+00:00,51110,1306,3600.0,0,0,3.1,2.5,41.0
XAUCNH,1h,14030,2023-01-20 00:00:00+00:00,2026-09-15 08:00:00+00:00,0.9348,2024-01-15 00:00:00+00:00,13777,253,86400.0,0,0,11.28,1.8,27.0
XAUCNH,4h,3966,2023-01-20 00:00:00+00:00,2026-09-21 05:00:00+00:00,0.8764,2024-04-10 00:00:00+00:00,3652,314,86400.0,0,0,18.94,7.9,33.3
XAUCNH,d1,960,2023-01-20 00:00:00+00:00,2026-09-20 07:00:00+00:00,0.7802,2023-01-23 00:00:00+00:00,959,1,,0,0,48.85,0.1,0.2
XAUEUR,15m,52132,2023-01-20 00:00:00+00:00,2026-09-18 05:45:00+00:00,0.9623,2024-07-22 10:00:00+00:00,50826,1306,3600.0,0,0,5.22,2.5,41.1
XAUEUR,1h,14031,2023-01-20 00:00:00+00:00,2026-09-15 08:00:00+00:00,0.9349,2024-01-15 00:00:00+00:00,13778,253,86400.0,0,0,15.63,1.8,27.0
XAUEUR,4h,3937,2023-01-20 00:00:00+00:00,2026-09-18 01:00:00+00:00,0.8799,2024-04-10 00:00:00+00:00,3623,314,86400.0,0,0,26.04,8.0,33.4
XAUEUR,d1,945,2023-01-20 00:00:00+00:00,2026-09-16 21:00:00+00:00,0.7915,2023-01-23 00:00:00+00:00,944,1,,0,0,55.87,0.1,0.2
XAUGBP,15m,52114,2023-01-20 00:00:00+00:00,2026-09-18 05:45:00+00:00,0.9623,2024-07-22 10:00:00+00:00,50808,1306,3600.0,0,0,10.99,2.5,41.1
XAUGBP,1h,14028,2023-01-20 00:00:00+00:00,2026-09-15 08:00:00+00:00,0.9348,2024-01-15 00:00:00+00:00,13775,253,86400.0,0,0,22.35,1.8,27.0
XAUGBP,4h,3936,2023-01-20 00:00:00+00:00,2026-09-18 01:00:00+00:00,0.8798,2024-04-10 00:00:00+00:00,3622,314,86400.0,0,0,33.21,8.0,33.4
XAUGBP,d1,945,2023-01-20 00:00:00+00:00,2026-09-16 21:00:00+00:00,0.7915,2023-01-23 00:00:00+00:00,944,1,,0,0,65.19,0.1,0.2
XAUSGD,15m,52083,2023-01-20 00:00:00+00:00,2026-09-18 05:45:00+00:00,0.9622,2024-07-22 10:00:00+00:00,50777,1306,3600.0,0,0,6.42,2.5,41.1
XAUSGD,1h,14024,2023-01-20 00:00:00+00:00,2026-09-15 08:00:00+00:00,0.9345,2024-01-15 00:00:00+00:00,13771,253,86400.0,0,0,16.31,1.8,27.0
XAUSGD,4h,3935,2023-01-20 00:00:00+00:00,2026-09-18 01:00:00+00:00,0.8798,2024-04-10 00:00:00+00:00,3621,314,86400.0,0,0,24.93,8.0,33.4
XAUSGD,d1,945,2023-01-20 00:00:00+00:00,2026-09-16 21:00:00+00:00,0.7915,2023-01-23 00:00:00+00:00,944,1,,0,0,53.44,0.1,0.2
XAUUSD,15m,52769,2020-08-11 00:00:00+00:00,2026-09-18 05:45:00+00:00,0.9508,2024-07-22 10:00:00+00:00,50831,1938,86400.0,0,0,4.38,3.7,64.7
XAUUSD,1h,14662,2020-08-11 00:00:00+00:00,2026-09-15 08:00:00+00:00,0.8947,2024-01-15 00:00:00+00:00,13777,885,86400.0,0,0,14.81,6.0,56.2
XAUUSD,4h,4569,2020-08-11 00:00:00+00:00,2026-09-18 01:00:00+00:00,0.7582,2024-04-03 00:00:00+00:00,3628,941,86400.0,0,0,28.5,20.6,59.7
XAUUSD,d1,1577,2020-08-11 00:00:00+00:00,2026-09-16 21:00:00+00:00,0.7945,2020-08-12 00:00:00+00:00,1576,1,,0,0,65.95,0.1,0.0
XLMUSD,15m,99999,2023-10-27 00:00:00+00:00,2026-09-19 17:15:00+00:00,0.9986,2023-10-27 00:00:00+00:00,99999,0,,0,0,46.46,0.0,0.0
XLMUSD,1h,29097,2022-01-20 00:00:00+00:00,2026-09-19 17:00:00+00:00,0.982,2022-11-16 00:00:00+00:00,28803,294,86400.0,0,0,53.81,1.0,17.6
XLMUSD,4h,7593,2022-01-20 00:00:00+00:00,2026-09-19 16:00:00+00:00,0.941,2022-12-20 00:00:00+00:00,7267,326,86400.0,0,0,59.32,4.3,19.6
XLMUSD,d1,1601,2022-01-20 00:00:00+00:00,2026-09-19 00:00:00+00:00,0.9669,2022-01-20 00:00:00+00:00,1601,0,,0,0,71.52,0.0,0.0
XMRUSD,15m,75477,2022-01-20 00:00:00+00:00,2026-09-19 17:30:00+00:00,0.9831,2024-07-19 06:00:00+00:00,74429,1048,3600.0,0,0,33.91,1.4,53.5
XMRUSD,1h,19757,2022-01-20 00:00:00+00:00,2026-09-19 17:00:00+00:00,0.9756,2022-11-11 00:00:00+00:00,19468,289,86400.0,0,0,41.22,1.5,17.3
XMRUSD,4h,5251,2022-01-20 00:00:00+00:00,2026-09-19 16:00:00+00:00,0.9219,2024-05-01 00:00:00+00:00,4914,337,86400.0,0,0,45.8,6.4,48.8
XMRUSD,d1,1204,2022-01-20 00:00:00+00:00,2026-09-19 00:00:00+00:00,0.9892,2022-01-20 00:00:00+00:00,1204,0,,0,0,62.04,0.0,0.0
XPDUSD,15m,51954,2023-01-20 00:00:00+00:00,2026-09-18 05:45:00+00:00,0.9619,2024-07-22 10:00:00+00:00,50650,1304,3600.0,0,0,3.47,2.5,41.1
XPDUSD,1h,14083,2023-01-20 00:00:00+00:00,2026-09-15 08:00:00+00:00,0.9437,2024-01-15 00:00:00+00:00,13832,251,86400.0,0,0,11.8,1.8,27.0
XPDUSD,4h,3924,2023-01-20 00:00:00+00:00,2026-09-18 01:00:00+00:00,0.8774,2024-04-12 00:00:00+00:00,3610,314,86400.0,0,0,20.46,8.0,33.5
XPDUSD,d1,943,2023-01-20 00:00:00+00:00,2026-09-16 21:00:00+00:00,0.79,2023-01-23 00:00:00+00:00,942,1,,0,0,51.22,0.1,0.2
XPTUSD,15m,52593,2020-03-16 00:00:00+00:00,2026-09-18 05:45:00+00:00,0.9504,2024-02-23 17:00:00+00:00,50641,1952,86400.0,0,0,5.33,3.7,60.6
XPTUSD,1h,14633,2020-03-16 00:00:00+00:00,2026-09-15 08:00:00+00:00,0.8941,2023-08-18 00:00:00+00:00,13747,886,86400.0,0,0,16.67,6.1,52.6
XPTUSD,4h,4562,2020-03-16 00:00:00+00:00,2026-09-18 01:00:00+00:00,0.7556,2023-11-06 00:00:00+00:00,3620,942,86400.0,0,0,32.42,20.6,56.0
XPTUSD,d1,1578,2020-03-16 00:00:00+00:00,2026-09-16 21:00:00+00:00,0.794,2020-03-17 00:00:00+00:00,1577,1,,0,0,71.61,0.1,0.0
XRPUSD,15m,99999,2023-08-16 20:00:00+00:00,2026-09-19 17:00:00+00:00,0.9988,2023-08-16 20:00:00+00:00,99999,0,,0,0,48.63,0.0,0.0
XRPUSD,1h,58964,2018-06-19 02:00:00+00:00,2026-09-19 17:00:00+00:00,0.9943,2018-06-19 02:00:00+00:00,58964,0,,0,0,22.58,0.0,0.0
XRPUSD,4h,14759,2018-06-19 00:00:00+00:00,2026-09-19 16:00:00+00:00,0.9805,2018-06-19 00:00:00+00:00,14759,0,,0,0,23.77,0.0,0.0
XRPUSD,d1,2466,2018-06-19 00:00:00+00:00,2026-09-19 00:00:00+00:00,0.8905,2019-01-08 00:00:00+00:00,2324,142,86400.0,0,0,26.93,5.8,6.7
XSIUSD,15m,75135,2024-05-02 00:00:00+00:00,2026-09-19 17:45:00+00:00,0.9876,2024-07-19 05:00:00+00:00,74426,709,3600.0,0,0,1.27,0.9,9.0
XSIUSD,1h,19418,2024-05-02 00:00:00+00:00,2026-09-19 17:00:00+00:00,0.9925,2024-05-02 00:00:00+00:00,19418,0,,0,0,4.91,0.0,0.0
XSIUSD,4h,4914,2024-05-02 00:00:00+00:00,2026-09-19 16:00:00+00:00,0.9853,2024-05-04 00:00:00+00:00,4912,2,,0,0,7.88,0.0,0.2
XSIUSD,d1,866,2024-05-02 00:00:00+00:00,2026-09-19 00:00:00+00:00,0.9942,2024-05-02 00:00:00+00:00,866,0,,0,0,24.6,0.0,0.0
XTZUSD,15m,75116,2024-05-02 00:00:00+00:00,2026-09-19 17:45:00+00:00,0.9873,2024-07-19 05:00:00+00:00,74406,710,3600.0,0,0,1.5,0.9,9.0
XTZUSD,1h,19418,2024-05-02 00:00:00+00:00,2026-09-19 17:00:00+00:00,0.9925,2024-05-02 00:00:00+00:00,19418,0,,0,0,5.78,0.0,0.0
XTZUSD,4h,4914,2024-05-02 00:00:00+00:00,2026-09-19 16:00:00+00:00,0.9853,2024-05-04 00:00:00+00:00,4912,2,,0,0,9.42,0.0,0.2
XTZUSD,d1,866,2024-05-02 00:00:00+00:00,2026-09-19 00:00:00+00:00,0.9942,2024-05-02 00:00:00+00:00,866,0,,0,0,23.33,0.0,0.0
YFIUSD,15m,75132,2024-05-02 00:00:00+00:00,2026-09-19 18:00:00+00:00,0.9876,2024-07-19 06:00:00+00:00,74422,710,3600.0,0,0,1.11,0.9,9.0
YFIUSD,1h,19419,2024-05-02 00:00:00+00:00,2026-09-19 18:00:00+00:00,0.9925,2024-05-02 00:00:00+00:00,19419,0,,0,0,4.31,0.0,0.0
YFIUSD,4h,4913,2024-05-02 00:00:00+00:00,2026-09-19 16:00:00+00:00,0.9853,2024-05-04 00:00:00+00:00,4911,2,,0,0,5.43,0.0,0.2
YFIUSD,d1,866,2024-05-02 00:00:00+00:00,2026-09-19 00:00:00+00:00,0.9942,2024-05-02 00:00:00+00:00,866,0,,0,0,12.24,0.0,0.0
ZARJPY,15m,56552,2016-11-09 00:00:00+00:00,2026-09-18 05:45:00+00:00,0.9447,2024-07-18 00:00:00+00:00,53649,2903,86400.0,0,0,12.02,5.1,78.0
ZARJPY,1h,16326,2016-11-09 00:00:00+00:00,2026-09-15 08:00:00+00:00,0.872,2024-01-12 00:00:00+00:00,14459,1867,86400.0,0,0,26.94,11.4,72.8
ZARJPY,4h,5572,2016-11-09 00:00:00+00:00,2026-09-18 01:00:00+00:00,0.6251,2024-03-21 00:00:00+00:00,3656,1916,86400.0,0,0,49.66,34.4,74.7
ZARJPY,d1,2563,2016-11-09 00:00:00+00:00,2026-09-16 21:00:00+00:00,0.7956,2017-01-04 00:00:00+00:00,2525,38,86400.0,0,0,86.07,1.5,1.6
ZECUSD,15m,75127,2024-05-02 00:00:00+00:00,2026-09-19 17:45:00+00:00,0.9875,2024-07-19 05:00:00+00:00,74418,709,3600.0,0,0,1.27,0.9,9.0
ZECUSD,1h,19417,2024-05-02 00:00:00+00:00,2026-09-19 17:00:00+00:00,0.9924,2024-05-02 00:00:00+00:00,19417,0,,0,0,4.91,0.0,0.0
ZECUSD,4h,4914,2024-05-02 00:00:00+00:00,2026-09-19 16:00:00+00:00,0.9853,2024-05-04 00:00:00+00:00,4912,2,,0,0,7.88,0.0,0.2
ZECUSD,d1,866,2024-05-02 00:00:00+00:00,2026-09-19 00:00:00+00:00,0.9942,2024-05-02 00:00:00+00:00,866,0,,0,0,24.71,0.0,0.0
ZILUSD,15m,75127,2024-05-02 00:00:00+00:00,2026-09-19 18:00:00+00:00,0.9875,2024-07-19 05:00:00+00:00,74418,709,3600.0,0,0,1.26,0.9,9.0
ZILUSD,1h,19418,2024-05-02 00:00:00+00:00,2026-09-19 18:00:00+00:00,0.9924,2024-05-02 00:00:00+00:00,19418,0,,0,0,4.89,0.0,0.0
ZILUSD,4h,4914,2024-05-02 00:00:00+00:00,2026-09-19 16:00:00+00:00,0.9853,2024-05-04 00:00:00+00:00,4912,2,,0,0,7.79,0.0,0.2
ZILUSD,d1,866,2024-05-02 00:00:00+00:00,2026-09-19 00:00:00+00:00,0.9942,2024-05-02 00:00:00+00:00,866,0,,0,0,24.25,0.0,0.0
ZINC,15m,41101,2020-07-08 00:00:00+00:00,2026-09-18 05:45:00+00:00,0.9388,2024-07-16 06:00:00+00:00,39241,1860,86400.0,0,0,4.8,4.5,64.9
ZINC,1h,11699,2020-07-08 00:00:00+00:00,2026-09-15 08:00:00+00:00,0.8638,2024-02-21 00:00:00+00:00,10784,915,86400.0,0,0,16.86,7.8,58.5
ZINC,4h,4525,2020-07-08 00:00:00+00:00,2026-09-18 01:00:00+00:00,0.7514,2024-03-12 00:00:00+00:00,3596,929,86400.0,0,0,28.88,20.5,59.3
ZINC,d1,1566,2020-07-08 00:00:00+00:00,2026-09-16 21:00:00+00:00,0.7905,2020-07-14 00:00:00+00:00,1562,4,86400.0,0,0,66.22,0.3,0.3
ZRXUSD,15m,75128,2024-05-02 00:00:00+00:00,2026-09-19 18:00:00+00:00,0.9875,2024-07-19 05:00:00+00:00,74419,709,3600.0,0,0,1.27,0.9,9.0
ZRXUSD,1h,19418,2024-05-02 00:00:00+00:00,2026-09-19 18:00:00+00:00,0.9924,2024-05-02 00:00:00+00:00,19418,0,,0,0,4.91,0.0,0.0
ZRXUSD,4h,4914,2024-05-02 00:00:00+00:00,2026-09-19 16:00:00+00:00,0.9853,2024-05-04 00:00:00+00:00,4912,2,,0,0,7.86,0.0,0.2
ZRXUSD,d1,866,2024-05-02 00:00:00+00:00,2026-09-19 00:00:00+00:00,0.9942,2024-05-02 00:00:00+00:00,866,0,,0,0,24.48,0.0,0.0
