signal,horizon,gross_bps,net_bps,net_sharpe,sharpe_H1,sharpe_H2,n,both_halves_pos
vwap_rev,4h,1.923,1.065,3.93,4.3,4.11,1222,True
rev_24h,1d,2.048,1.168,0.88,2.02,-7.69,201,False
rev_1h,2d,3.016,2.182,0.82,0.01,-12.02,100,False
xsmom_480h,5d,5.221,4.675,0.82,,,36,False
mom_480h,5d,5.221,4.675,0.82,,,36,False
xsmom_24h,5d,5.321,4.5,0.81,,,40,False
mom_24h,5d,5.321,4.5,0.81,,,40,False
mom_120h,2d,3.045,2.366,0.79,1.49,1.56,99,True
xsmom_120h,2d,3.045,2.366,0.79,1.49,1.56,99,True
vwap_rev,2d,3.429,2.364,0.78,-2.45,-3.04,101,False
vol_exp,5d,6.075,5.476,0.7,,,40,False
carry_proxy,5d,4.192,3.663,0.67,,,36,False
tickvol,2d,2.145,1.608,0.66,-0.19,0.21,101,False
vwap_rev,5d,4.53,3.503,0.62,,,40,False
mom_120h,1d,1.414,0.911,0.6,1.79,2.84,198,True
xsmom_120h,1d,1.414,0.911,0.6,1.79,2.84,198,True
rev_4h,2d,2.191,1.385,0.51,-0.16,-8.67,100,False
rev_1h,1d,1.564,0.705,0.48,0.92,-19.93,201,False
tickvol,5d,3.446,2.899,0.44,,,40,False
rev_8h,1d,1.332,0.511,0.37,0.62,-12.59,201,False
xsmom_120h,5d,2.856,1.838,0.33,,,39,False
mom_120h,5d,2.856,1.838,0.33,,,39,False
vwap_rev,1d,1.389,0.341,0.24,-5.18,-10.87,203,False
rev_2h,2d,1.566,0.683,0.24,-1.0,-10.45,100,False
rev_24h,2d,1.285,0.445,0.14,0.41,-2.23,100,False
h4_trend,2d,0.517,0.168,0.05,0.64,0.13,91,True
rev_4h,1d,0.832,-0.012,-0.01,-0.36,-16.92,201,False
tickvol,1d,0.477,-0.108,-0.08,-0.42,0.38,203,False
donch_24h,5d,3.291,-0.797,-0.13,,,40,False
xsmom_480h,1d,0.074,-0.208,-0.15,0.21,1.45,183,True
mom_480h,1d,0.074,-0.208,-0.15,0.21,1.45,183,True
h4_trend,5d,-1.159,-1.689,-0.19,,,36,False
vol_exp,1d,0.258,-0.405,-0.22,0.59,-1.0,203,False
vol_exp,2d,-0.237,-0.886,-0.26,0.85,-1.1,101,False
rev_8h,2d,-0.081,-0.878,-0.29,0.29,-5.14,100,False
xsmom_480h,2d,-0.373,-0.767,-0.31,-0.4,1.1,91,False
mom_480h,2d,-0.373,-0.767,-0.31,-0.4,1.1,91,False
h4_trend,1d,-0.189,-0.454,-0.32,0.59,0.96,182,True
mom_120h,4h,0.106,-0.125,-0.49,-0.55,-0.45,1192,False
xsmom_120h,4h,0.106,-0.125,-0.49,-0.55,-0.45,1192,False
rev_2h,1d,0.104,-0.75,-0.51,-1.07,-19.83,201,False
donch_120h,5d,-0.938,-3.125,-0.53,,,38,False
carry_proxy,1d,-0.475,-0.756,-0.57,-0.03,1.17,183,False
xsmom_480h,4h,0.002,-0.155,-0.65,-0.87,-0.51,1102,False
mom_480h,4h,0.002,-0.155,-0.65,-0.87,-0.51,1102,False
mom_24h,2d,-1.285,-2.125,-0.69,-0.83,0.68,100,False
xsmom_24h,2d,-1.285,-2.125,-0.69,-0.83,0.68,100,False
carry_proxy,2d,-1.344,-1.733,-0.75,-0.54,0.83,91,False
carry_proxy,4h,-0.044,-0.212,-0.93,-1.06,-0.9,1102,False
rev_24h,5d,-5.321,-6.143,-1.11,,,40,False
rev_8h,4h,0.472,-0.286,-1.14,-0.03,-2.36,1207,False
rsi_rev,5d,-7.196,-8.161,-1.27,,,40,False
h4_trend,4h,-0.092,-0.377,-1.39,-0.47,-2.58,1093,False
pdrange_rev,2d,-3.772,-4.885,-1.56,-4.99,-7.22,101,False
rev_2h,5d,-8.364,-9.223,-1.65,,,40,False
rev_24h,4h,0.024,-0.434,-1.76,-1.28,-2.3,1207,False
pdrange_rev,4h,0.035,-0.478,-1.77,-2.86,-4.38,1222,False
rev_1h,5d,-8.569,-9.382,-1.84,,,40,False
rev_8h,5d,-10.597,-11.431,-1.94,,,40,False
mom_24h,4h,-0.024,-0.481,-1.95,-1.79,-2.18,1207,False
xsmom_24h,4h,-0.024,-0.481,-1.95,-1.79,-2.18,1207,False
pdrange_rev,5d,-11.541,-12.577,-2.05,,,40,False
rev_4h,5d,-9.295,-10.11,-2.1,,,40,False
mom_24h,1d,-2.048,-2.928,-2.2,-3.22,4.91,201,False
xsmom_24h,1d,-2.048,-2.928,-2.2,-3.22,4.91,201,False
rsi_rev,4h,0.259,-0.759,-2.77,-4.22,-5.42,1222,False
donch_120h,2d,-3.99,-5.958,-2.84,-2.84,2.49,96,False
rsi_rev,2d,-7.983,-9.049,-2.9,-6.0,-8.46,101,False
donch_120h,1d,-2.088,-3.538,-3.01,-3.39,4.75,193,False
donch_120h,4h,-0.499,-0.768,-3.22,-3.44,-2.35,1163,False
vol_exp,4h,-0.053,-1.037,-3.23,-3.07,-2.83,1222,False
donch_24h,2d,-7.199,-9.669,-4.01,-1.79,1.48,100,False
donch_24h,1d,-2.603,-5.093,-4.16,-2.69,7.8,201,False
rev_4h,4h,-0.026,-1.123,-4.42,-3.67,-5.32,1207,False
rev_1h,4h,-0.374,-1.409,-5.32,-5.52,-5.11,1207,False
tickvol,4h,-0.542,-1.785,-5.33,-6.08,-6.27,1222,False
rev_2h,4h,-0.37,-1.433,-5.38,-4.95,-5.91,1207,False
rsi_rev,1d,-7.714,-8.74,-5.78,-12.04,-19.59,203,False
pdrange_rev,1d,-8.186,-9.243,-5.9,-11.06,-16.67,203,False
donch_24h,4h,-0.962,-1.528,-6.65,-5.74,-6.17,1211,False
