,pnl,equity,ret
2024-07-01 00:00:00+00:00,-90.45949976928313,99909.54050023072,0.0
2024-07-02 00:00:00+00:00,-122.69354369074976,99786.84695653997,-0.0012280463214668913
2024-07-03 00:00:00+00:00,11.877827619722922,99798.72478415968,0.00011903199652030239
2024-07-04 00:00:00+00:00,0.0,99798.72478415968,0.0
2024-07-05 00:00:00+00:00,204.339055899593,100003.06384005929,0.002047511692574666
2024-07-08 00:00:00+00:00,-318.2906443060143,99684.77319575327,-0.003182808926885272
2024-07-09 00:00:00+00:00,291.3387605569539,99976.11195631023,0.0029226004254918614
2024-07-10 00:00:00+00:00,0.0,99976.11195631023,0.0
2024-07-11 00:00:00+00:00,27.10329252053879,100003.21524883076,0.00027109768513877697
2024-07-12 00:00:00+00:00,0.0,100003.21524883076,0.0
2024-07-15 00:00:00+00:00,79.82631465129677,100083.04156348205,0.000798237481191677
2024-07-16 00:00:00+00:00,-309.7544723253915,99773.28709115667,-0.0030949746079500517
2024-07-17 00:00:00+00:00,-1373.9799460805636,98399.3071450761,-0.013771020141145063
2024-07-18 00:00:00+00:00,0.0,98399.3071450761,0.0
2024-07-19 00:00:00+00:00,0.0,98399.3071450761,0.0
2024-07-22 00:00:00+00:00,144.23158745166,98543.53873252777,0.00146577848601126
2024-07-23 00:00:00+00:00,0.0,98543.53873252777,0.0
2024-07-24 00:00:00+00:00,-58.683001838889666,98484.85573068887,-0.0005955032932010162
2024-07-25 00:00:00+00:00,-169.72296217651217,98315.13276851235,-0.0017233407199237494
2024-07-26 00:00:00+00:00,-31.149606632807185,98283.98316187956,-0.0003168343036888954
2024-07-29 00:00:00+00:00,35.17466532777635,98319.15782720732,0.00035788807286962765
2024-07-30 00:00:00+00:00,0.0,98319.15782720732,0.0
2024-07-31 00:00:00+00:00,-844.1443171180447,97475.01351008928,-0.008585756181939685
2024-08-01 00:00:00+00:00,-120.38460985423755,97354.62890023505,-0.0012350304505652776
2024-08-02 00:00:00+00:00,0.0,97354.62890023505,0.0
2024-08-05 00:00:00+00:00,292.17366442732794,97646.80256466237,0.003001127606646392
2024-08-06 00:00:00+00:00,0.0,97646.80256466237,0.0
2024-08-07 00:00:00+00:00,0.0,97646.80256466237,0.0
2024-08-08 00:00:00+00:00,0.0,97646.80256466237,0.0
2024-08-09 00:00:00+00:00,0.0,97646.80256466237,0.0
2024-08-12 00:00:00+00:00,-57.287482995308736,97589.51508166706,-0.0005866805823711019
2024-08-13 00:00:00+00:00,53.81696456694627,97643.33204623402,0.0005514625676941165
2024-08-14 00:00:00+00:00,-184.13695548456593,97459.19509074945,-0.001885811879068
2024-08-15 00:00:00+00:00,148.75246578023905,97607.94755652969,0.0015263050925233834
2024-08-16 00:00:00+00:00,0.0,97607.94755652969,0.0
2024-08-19 00:00:00+00:00,519.5946182337597,98127.54217476345,0.005323281876538299
2024-08-20 00:00:00+00:00,-190.2463586359816,97937.29581612746,-0.0019387661651319998
2024-08-21 00:00:00+00:00,-35.29474887854485,97902.00106724892,-0.00036038108449321093
2024-08-22 00:00:00+00:00,-154.2226994816125,97747.77836776731,-0.0015752762742373694
2024-08-23 00:00:00+00:00,103.96151629255657,97851.73988405986,0.0010635690961835476
2024-08-26 00:00:00+00:00,0.0,97851.73988405986,0.0
2024-08-27 00:00:00+00:00,245.99093356504108,98097.7308176249,0.0025139147638715276
2024-08-28 00:00:00+00:00,2.7054159053674547,98100.43623353027,2.757878171921746e-05
2024-08-29 00:00:00+00:00,-109.9018553628769,97990.5343781674,-0.0011202993542378525
2024-08-30 00:00:00+00:00,-166.21610542293112,97824.31827274447,-0.0016962465454211095
2024-09-02 00:00:00+00:00,0.0,97824.31827274447,0.0
2024-09-03 00:00:00+00:00,-581.4057621462559,97242.91251059821,-0.005943366357281765
2024-09-04 00:00:00+00:00,-198.97275060859386,97043.93975998962,-0.00204614141505588
2024-09-05 00:00:00+00:00,-36.198970187071396,97007.74078980254,-0.0003730162880506427
2024-09-06 00:00:00+00:00,-424.270859168401,96583.46993063414,-0.004373577363147918
2024-09-09 00:00:00+00:00,-175.25463222948989,96408.21529840466,-0.0018145406491953953
2024-09-10 00:00:00+00:00,-310.9338465618979,96097.28145184275,-0.0032251799869906783
2024-09-11 00:00:00+00:00,-298.1891937190255,95799.09225812372,-0.0031029930213838375
2024-09-12 00:00:00+00:00,-116.1943587982339,95682.8978993255,-0.0012128962400306253
2024-09-13 00:00:00+00:00,0.0,95682.8978993255,0.0
2024-09-16 00:00:00+00:00,350.71365901414885,96033.61155833965,0.003665374551919953
2024-09-17 00:00:00+00:00,441.20947694385217,96474.8210352835,0.004594323485125118
2024-09-18 00:00:00+00:00,199.1943040983589,96674.01533938186,0.002064728412665362
2024-09-19 00:00:00+00:00,0.0,96674.01533938186,0.0
2024-09-20 00:00:00+00:00,213.71887698858976,96887.73421637045,0.00221071687400487
2024-09-23 00:00:00+00:00,344.98525683701143,97232.71947320746,0.003560670085096529
2024-09-24 00:00:00+00:00,322.9139612068594,97555.63343441431,0.003321042165192578
2024-09-25 00:00:00+00:00,48.25770536627985,97603.8911397806,0.0004946685667182038
2024-09-26 00:00:00+00:00,-469.28199288404335,97134.60914689655,-0.004808025452714526
2024-09-27 00:00:00+00:00,133.86769748217029,97268.47684437872,0.0013781668414367676
2024-09-30 00:00:00+00:00,153.62463293596318,97422.10147731469,0.0015793876692626885
2024-10-01 00:00:00+00:00,238.5451733043093,97660.64665061899,0.0024485734724153385
2024-10-02 00:00:00+00:00,0.0,97660.64665061899,0.0
2024-10-03 00:00:00+00:00,-208.65871712031895,97451.98793349868,-0.0021365690713353036
2024-10-04 00:00:00+00:00,128.9886378082843,97580.97657130696,0.0013236121760420438
2024-10-07 00:00:00+00:00,-174.2605430542013,97406.71602825276,-0.0017858044587908406
2024-10-08 00:00:00+00:00,100.23424215068792,97506.95027040345,0.0010290280407525554
2024-10-09 00:00:00+00:00,0.0,97506.95027040345,0.0
2024-10-10 00:00:00+00:00,219.85809273762268,97726.80836314107,0.002254794064709298
2024-10-11 00:00:00+00:00,94.44060053882228,97821.24896367989,0.0009663735275984298
2024-10-14 00:00:00+00:00,486.18193727257824,98307.43090095247,0.004970105599992003
2024-10-15 00:00:00+00:00,431.05602780610894,98738.48692875858,0.0043847756355306355
2024-10-16 00:00:00+00:00,-361.6442594338531,98376.84266932473,-0.0036626473696601547
2024-10-17 00:00:00+00:00,193.84242451893698,98570.68509384367,0.001970407051693046
2024-10-18 00:00:00+00:00,0.0,98570.68509384367,0.0
2024-10-21 00:00:00+00:00,-877.6529036590109,97693.03219018465,-0.008903792266670929
2024-10-22 00:00:00+00:00,169.54347556182626,97862.57566574648,0.0017354715250497144
2024-10-23 00:00:00+00:00,-229.1476738358404,97633.42799191063,-0.0023415250648880503
2024-10-24 00:00:00+00:00,0.0,97633.42799191063,0.0
2024-10-25 00:00:00+00:00,216.58635051940274,97850.01434243005,0.0022183626548211155
2024-10-28 00:00:00+00:00,227.08322741662684,98077.09756984666,0.002320727584381732
2024-10-29 00:00:00+00:00,-676.1959410548193,97400.90162879185,-0.006894534583604006
2024-10-30 00:00:00+00:00,18.875126557071184,97419.77675534892,0.00019378800649105798
2024-10-31 00:00:00+00:00,-112.67116285559555,97307.10559249332,-0.0011565532852590987
2024-11-01 00:00:00+00:00,51.28535721553037,97358.39094970886,0.0005270463744992959
2024-11-04 00:00:00+00:00,-123.03124168357918,97235.35970802528,-0.00126369427928541
2024-11-05 00:00:00+00:00,-91.28423058358916,97144.07547744169,-0.000938796656460128
2024-11-06 00:00:00+00:00,51.12126261982368,97195.19674006151,0.0005262416917199975
2024-11-07 00:00:00+00:00,-8.901872066043879,97186.29486799547,-9.158757186167321e-05
2024-11-08 00:00:00+00:00,0.0,97186.29486799547,0.0
2024-11-11 00:00:00+00:00,-342.88962779670067,96843.40524019877,-0.003528168537162868
2024-11-12 00:00:00+00:00,-178.8905118415527,96664.51472835722,-0.0018472141845679024
2024-11-13 00:00:00+00:00,221.20694466859499,96885.72167302581,0.0022883986464963257
2024-11-14 00:00:00+00:00,0.0,96885.72167302581,0.0
2024-11-15 00:00:00+00:00,0.0,96885.72167302581,0.0
2024-11-18 00:00:00+00:00,0.0,96885.72167302581,0.0
2024-11-19 00:00:00+00:00,739.5237967304907,97625.2454697563,0.007632949251554999
2024-11-20 00:00:00+00:00,103.25195906924881,97728.49742882555,0.001057635845855387
2024-11-21 00:00:00+00:00,-299.21173191435446,97429.28569691119,-0.003061663074603871
2024-11-22 00:00:00+00:00,0.0,97429.28569691119,0.0
2024-11-25 00:00:00+00:00,24.253387593483076,97453.53908450468,0.00024893323829688896
2024-11-26 00:00:00+00:00,-39.57064183245074,97413.96844267222,-0.00040604622678852564
2024-11-27 00:00:00+00:00,168.92306974369714,97582.89151241592,0.0017340744088780724
2024-11-28 00:00:00+00:00,0.0,97582.89151241592,0.0
2024-11-29 00:00:00+00:00,0.0,97582.89151241592,0.0
2024-12-02 00:00:00+00:00,-487.3127889873639,97095.57872342855,-0.004993834282163823
2024-12-03 00:00:00+00:00,145.24732920362374,97240.82605263218,0.0014959211440239706
2024-12-04 00:00:00+00:00,-15.420622630440493,97225.40543000175,-0.00015858177327798817
2024-12-05 00:00:00+00:00,82.51241247103246,97307.91784247277,0.0008486713128743606
2024-12-06 00:00:00+00:00,-18.25477751418529,97289.66306495859,-0.00018759806929313783
2024-12-09 00:00:00+00:00,231.56201917983466,97521.22508413842,0.0023801297268881694
2024-12-10 00:00:00+00:00,308.1382687429528,97829.36335288138,0.0031597046538034412
2024-12-11 00:00:00+00:00,248.31410615033042,98077.6774590317,0.002538236963217644
2024-12-12 00:00:00+00:00,39.93354050016301,98117.61099953187,0.0004071623791952472
2024-12-13 00:00:00+00:00,0.0,98117.61099953187,0.0
2024-12-16 00:00:00+00:00,-63.89872667445322,98053.71227285742,-0.0006512462546072184
2024-12-17 00:00:00+00:00,-382.9029630865636,97670.80930977085,-0.0039050328050921346
2024-12-18 00:00:00+00:00,-45.49854049304636,97625.3107692778,-0.00046583560446133987
2024-12-19 00:00:00+00:00,0.0,97625.3107692778,0.0
2024-12-20 00:00:00+00:00,0.0,97625.3107692778,0.0
2024-12-23 00:00:00+00:00,88.42065159707052,97713.73142087487,0.0009057144187334387
2024-12-24 00:00:00+00:00,-163.15151322804337,97550.57990764684,-0.0016696887004069572
2024-12-25 00:00:00+00:00,0.0,97550.57990764684,0.0
2024-12-26 00:00:00+00:00,229.00920469203533,97779.58911233887,0.002347594498247396
2024-12-27 00:00:00+00:00,0.0,97779.58911233887,0.0
2024-12-30 00:00:00+00:00,-122.55831152525138,97657.03080081362,-0.0012534140574516073
2024-12-31 00:00:00+00:00,204.8848772322874,97861.9156780459,0.002098004368473738
2025-01-01 00:00:00+00:00,0.0,97861.9156780459,0.0
2025-01-02 00:00:00+00:00,0.0,97861.9156780459,0.0
2025-01-03 00:00:00+00:00,-189.4838144558111,97672.4318635901,-0.0019362365138976267
2025-01-06 00:00:00+00:00,-475.42174922901404,97197.01011436108,-0.004867512154227871
2025-01-07 00:00:00+00:00,-510.1961483018391,96686.81396605924,-0.005249093029729535
2025-01-08 00:00:00+00:00,-338.2600207329838,96348.55394532626,-0.0034985124326438743
2025-01-09 00:00:00+00:00,0.0,96348.55394532626,0.0
2025-01-10 00:00:00+00:00,0.2512971686600167,96348.80524249491,2.608209032306519e-06
2025-01-13 00:00:00+00:00,0.0,96348.80524249491,0.0
2025-01-14 00:00:00+00:00,-110.99766707738513,96237.80757541754,-0.0011520398908737572
2025-01-15 00:00:00+00:00,74.81729318668452,96312.62486860421,0.0007774210060640385
2025-01-16 00:00:00+00:00,-185.98911435259356,96126.63575425162,-0.001931097969828266
2025-01-17 00:00:00+00:00,0.0,96126.63575425162,0.0
2025-01-20 00:00:00+00:00,-75.19996368215868,96051.43579056946,-0.0007823010042128375
2025-01-21 00:00:00+00:00,0.0,96051.43579056946,0.0
2025-01-22 00:00:00+00:00,-220.61246467052786,95830.82332589893,-0.002296815897177784
2025-01-23 00:00:00+00:00,-179.0403210595941,95651.78300483934,-0.0018682957616957818
2025-01-24 00:00:00+00:00,-83.47943022449152,95568.30357461485,-0.0008727430644994705
2025-01-27 00:00:00+00:00,172.06012509510103,95740.36369970995,0.001800389027108329
2025-01-28 00:00:00+00:00,-356.3850390656787,95383.97866064426,-0.003722411585812324
2025-01-29 00:00:00+00:00,279.16082069591835,95663.13948134019,0.002926705560156062
2025-01-30 00:00:00+00:00,0.0,95663.13948134019,0.0
2025-01-31 00:00:00+00:00,0.0,95663.13948134019,0.0
2025-02-03 00:00:00+00:00,44.374623063128446,95707.51410440332,0.0004638633365341427
2025-02-04 00:00:00+00:00,269.44247242805517,95976.95657683138,0.002815269782622698
2025-02-05 00:00:00+00:00,-92.23079539086831,95884.7257814405,-0.0009609681186029118
2025-02-06 00:00:00+00:00,549.9686797172212,96434.69446115772,0.0057357277213350155
2025-02-07 00:00:00+00:00,-99.09165951288291,96335.60280164484,-0.0010275519621497642
2025-02-10 00:00:00+00:00,0.0,96335.60280164484,0.0
2025-02-11 00:00:00+00:00,-295.07779888375745,96040.52500276109,-0.003063019177772852
2025-02-12 00:00:00+00:00,-226.8624829474514,95813.66251981363,-0.0023621537152253014
2025-02-13 00:00:00+00:00,30.70556596396819,95844.3680857776,0.0003204716859417367
2025-02-14 00:00:00+00:00,0.0,95844.3680857776,0.0
2025-02-17 00:00:00+00:00,92.1352953291013,95936.50338110671,0.0009613010880999973
2025-02-18 00:00:00+00:00,-276.86930151002446,95659.63407959668,-0.002885964067401603
2025-02-19 00:00:00+00:00,167.8988432356423,95827.53292283232,0.0017551691980750572
2025-02-20 00:00:00+00:00,0.0,95827.53292283232,0.0
2025-02-21 00:00:00+00:00,-155.40359045240933,95672.12933237992,-0.0016217008380832176
2025-02-24 00:00:00+00:00,343.52412280369174,96015.65345518361,0.003590639460006484
2025-02-25 00:00:00+00:00,326.6788502252766,96342.33230540888,0.0034023499134727686
2025-02-26 00:00:00+00:00,0.0,96342.33230540888,0.0
2025-02-27 00:00:00+00:00,-110.43627225118286,96231.8960331577,-0.0011462902091793348
2025-02-28 00:00:00+00:00,0.0,96231.8960331577,0.0
2025-03-03 00:00:00+00:00,202.27067351727888,96434.16670667498,0.002101908845769662
2025-03-04 00:00:00+00:00,-394.231532218764,96039.93517445622,-0.004088089788942817
2025-03-05 00:00:00+00:00,-482.93577994163377,95556.99939451458,-0.005028489232779876
2025-03-06 00:00:00+00:00,510.4018676370763,96067.40126215166,0.005341334186623525
2025-03-07 00:00:00+00:00,0.0,96067.40126215166,0.0
2025-03-10 00:00:00+00:00,-158.84529872363456,95908.55596342802,-0.0016534776275479723
2025-03-11 00:00:00+00:00,342.35303092008894,96250.90899434811,0.003569577578153016
2025-03-12 00:00:00+00:00,-173.03010629804925,96077.87888805007,-0.001797698412471127
2025-03-13 00:00:00+00:00,-291.953165130025,95785.92572292003,-0.0030387136821600214
2025-03-14 00:00:00+00:00,0.0,95785.92572292003,0.0
2025-03-17 00:00:00+00:00,-163.71403806133222,95622.2116848587,-0.0017091659012087312
2025-03-18 00:00:00+00:00,348.63216911713573,95970.84385397584,0.003645932916361616
2025-03-19 00:00:00+00:00,-170.49102007898531,95800.35283389686,-0.0017764876626320536
2025-03-20 00:00:00+00:00,-55.24566532263289,95745.10716857422,-0.0005766749671415328
2025-03-21 00:00:00+00:00,0.0,95745.10716857422,0.0
2025-03-24 00:00:00+00:00,0.0,95745.10716857422,0.0
2025-03-25 00:00:00+00:00,0.0,95745.10716857422,0.0
2025-03-26 00:00:00+00:00,206.78048962708672,95951.8876582013,0.0021596977197280154
2025-03-27 00:00:00+00:00,0.0,95951.8876582013,0.0
2025-03-28 00:00:00+00:00,-50.63943996414704,95901.24821823716,-0.0005277586632221887
2025-03-31 00:00:00+00:00,150.20000918805044,96051.44822742521,0.0015661945175755587
2025-04-01 00:00:00+00:00,84.07358808096006,96135.52181550617,0.0008752974539425473
2025-04-02 00:00:00+00:00,-42.233301235430574,96093.28851427074,-0.0004393100535354799
2025-04-03 00:00:00+00:00,-350.30771096751323,95742.98080330323,-0.0036454961255226737
2025-04-04 00:00:00+00:00,-178.121704603412,95564.85909869982,-0.0018604152817149888
2025-04-07 00:00:00+00:00,-12.361207825220987,95552.4978908746,-0.0001293488834891443
2025-04-08 00:00:00+00:00,0.0,95552.4978908746,0.0
2025-04-09 00:00:00+00:00,-454.84913208584624,95097.64875878875,-0.004760201377522422
2025-04-10 00:00:00+00:00,102.64830704144637,95200.2970658302,0.0010793990007240684
2025-04-11 00:00:00+00:00,-42.99392686807438,95157.30313896212,-0.0004516154696276864
2025-04-14 00:00:00+00:00,153.54869240927675,95310.8518313714,0.001613630140243183
2025-04-15 00:00:00+00:00,381.4515018495417,95692.30333322095,0.004002183324564479
2025-04-16 00:00:00+00:00,206.2559987713729,95898.5593319923,0.0021554084454749045
2025-04-17 00:00:00+00:00,0.0,95898.5593319923,0.0
2025-04-18 00:00:00+00:00,0.0,95898.5593319923,0.0
2025-04-21 00:00:00+00:00,71.64861136617354,95970.20794335849,0.0007471291734231222
2025-04-22 00:00:00+00:00,0.0,95970.20794335849,0.0
2025-04-23 00:00:00+00:00,-78.21726696312997,95891.99067639536,-0.0008150161246841536
2025-04-24 00:00:00+00:00,0.0,95891.99067639536,0.0
2025-04-25 00:00:00+00:00,0.0,95891.99067639536,0.0
2025-04-28 00:00:00+00:00,44.597342555228465,95936.58801895058,0.00046507891056024597
2025-04-29 00:00:00+00:00,0.0,95936.58801895058,0.0
2025-04-30 00:00:00+00:00,0.0,95936.58801895058,0.0
2025-05-01 00:00:00+00:00,0.0,95936.58801895058,0.0
2025-05-02 00:00:00+00:00,-112.88777242607861,95823.7002465245,-0.0011766915496701502
2025-05-05 00:00:00+00:00,-153.31494773791283,95670.3852987866,-0.0015999689778569692
2025-05-06 00:00:00+00:00,207.79259154818027,95878.17789033477,0.002171963569491453
2025-05-07 00:00:00+00:00,0.0,95878.17789033477,0.0
2025-05-08 00:00:00+00:00,-22.535798630347376,95855.64209170443,-0.0002350461713626073
2025-05-09 00:00:00+00:00,0.0,95855.64209170443,0.0
2025-05-12 00:00:00+00:00,255.77178245233557,96111.41387415676,0.002668301801240114
2025-05-13 00:00:00+00:00,-150.3635557256896,95961.05031843107,-0.001564471374051024
2025-05-14 00:00:00+00:00,-371.84675846095604,95589.20355997012,-0.003874975911862477
2025-05-15 00:00:00+00:00,0.0,95589.20355997012,0.0
2025-05-16 00:00:00+00:00,114.83624515486305,95704.03980512498,0.0012013516263142954
2025-05-19 00:00:00+00:00,0.0,95704.03980512498,0.0
2025-05-20 00:00:00+00:00,-161.49383136494444,95542.54597376003,-0.0016874296183712056
2025-05-21 00:00:00+00:00,235.40567831184404,95777.95165207188,0.0024638832460723847
2025-05-22 00:00:00+00:00,0.0,95777.95165207188,0.0
2025-05-23 00:00:00+00:00,0.0,95777.95165207188,0.0
2025-05-26 00:00:00+00:00,21.044921868603588,95798.99657394049,0.00021972616354393182
2025-05-27 00:00:00+00:00,-45.203099883422475,95753.79347405706,-0.0004718535840668725
2025-05-28 00:00:00+00:00,-414.7472353377166,95339.04623871934,-0.0043313922121539505
2025-05-29 00:00:00+00:00,289.6239195640533,95628.67015828339,0.003037831098486876
2025-05-30 00:00:00+00:00,0.0,95628.67015828339,0.0
2025-06-02 00:00:00+00:00,342.24938811827894,95970.91954640168,0.003578941206144659
2025-06-03 00:00:00+00:00,0.0,95970.91954640168,0.0
2025-06-04 00:00:00+00:00,0.0,95970.91954640168,0.0
2025-06-05 00:00:00+00:00,-318.23423370325906,95652.68531269842,-0.003315944404902682
2025-06-06 00:00:00+00:00,-53.70183279161123,95598.9834799068,-0.0005614252502798012
2025-06-09 00:00:00+00:00,0.0,95598.9834799068,0.0
2025-06-10 00:00:00+00:00,-227.78378935196855,95371.19969055484,-0.0023827009562276125
2025-06-11 00:00:00+00:00,116.34703046096884,95487.54672101581,0.001219938837284884
2025-06-12 00:00:00+00:00,48.04011465981719,95535.58683567563,0.0005031034549476399
2025-06-13 00:00:00+00:00,0.0,95535.58683567563,0.0
2025-06-16 00:00:00+00:00,0.0,95535.58683567563,0.0
2025-06-17 00:00:00+00:00,12.771247510448612,95548.35808318607,0.00013368052611029135
2025-06-18 00:00:00+00:00,0.0,95548.35808318607,0.0
2025-06-19 00:00:00+00:00,89.37967847792727,95637.737761664,0.0009354391877682833
2025-06-20 00:00:00+00:00,148.11738339631046,95785.85514506031,0.0015487336574755428
2025-06-23 00:00:00+00:00,0.0,95785.85514506031,0.0
2025-06-24 00:00:00+00:00,-196.8154105433903,95589.03973451692,-0.0020547439937278478
2025-06-25 00:00:00+00:00,0.0,95589.03973451692,0.0
2025-06-26 00:00:00+00:00,-52.05148992780826,95536.98824458911,-0.0005445340812332278
2025-06-27 00:00:00+00:00,451.22996972428336,95988.2182143134,0.004723091841340787
2025-06-30 00:00:00+00:00,-111.55558700319395,95876.6626273102,-0.0011621799954044665
2025-07-01 00:00:00+00:00,-102.78889553159777,95773.8737317786,-0.0010720950512342897
2025-07-02 00:00:00+00:00,-201.1120276108016,95572.7617041678,-0.0020998631440347637
2025-07-03 00:00:00+00:00,91.34557292780873,95664.10727709561,0.000955769942178275
2025-07-04 00:00:00+00:00,-335.44398797878176,95328.66328911683,-0.0035064769590872347
2025-07-07 00:00:00+00:00,435.7016633385217,95764.36495245535,0.0045705210616151515
2025-07-08 00:00:00+00:00,-286.30620150424755,95478.0587509511,-0.002989694565889933
2025-07-09 00:00:00+00:00,129.49181485699472,95607.5505658081,0.00135624683357638
2025-07-10 00:00:00+00:00,-108.01045100279993,95499.54011480529,-0.0011297272063094388
2025-07-11 00:00:00+00:00,0.0,95499.54011480529,0.0
2025-07-14 00:00:00+00:00,79.32714700067419,95578.86726180596,0.0008306547539946862
2025-07-15 00:00:00+00:00,32.14680571081678,95611.0140675168,0.0003363380068397426
2025-07-16 00:00:00+00:00,87.65157712005455,95698.66564463684,0.0009167518823527399
2025-07-17 00:00:00+00:00,-121.56811980429123,95577.09752483256,-0.001270321994412238
2025-07-18 00:00:00+00:00,-161.76087401439304,95415.33665081816,-0.0016924648080296478
2025-07-21 00:00:00+00:00,-263.3411223113658,95151.99552850678,-0.0027599454296860504
2025-07-22 00:00:00+00:00,252.43952149035678,95404.43504999715,0.0026530134243452075
2025-07-23 00:00:00+00:00,-411.8186488785298,94992.61640111862,-0.004316556653395809
2025-07-24 00:00:00+00:00,-63.96332523820376,94928.65307588041,-0.000673350494612257
2025-07-25 00:00:00+00:00,0.0,94928.65307588041,0.0
2025-07-28 00:00:00+00:00,-500.3253237379598,94428.32775214246,-0.005270540637904331
2025-07-29 00:00:00+00:00,-327.48478396655577,94100.8429681759,-0.0034680777660931472
2025-07-30 00:00:00+00:00,-71.458338974473,94029.38462920144,-0.0007593804340162436
2025-07-31 00:00:00+00:00,35.41690670204461,94064.80153590348,0.0003766578590480574
2025-08-01 00:00:00+00:00,-311.4076834061525,93753.39385249732,-0.003310565464673787
2025-08-04 00:00:00+00:00,0.0,93753.39385249732,0.0
2025-08-05 00:00:00+00:00,241.27101256535255,93994.66486506267,0.00257346430514227
2025-08-06 00:00:00+00:00,-169.84779769748374,93824.81706736519,-0.0018069940239833215
2025-08-07 00:00:00+00:00,58.59882069638351,93883.41588806157,0.0006245556615827041
2025-08-08 00:00:00+00:00,0.0,93883.41588806157,0.0
2025-08-11 00:00:00+00:00,0.0,93883.41588806157,0.0
2025-08-12 00:00:00+00:00,-105.33789650834241,93778.07799155323,-0.0011220074974044314
2025-08-13 00:00:00+00:00,0.0,93778.07799155323,0.0
2025-08-14 00:00:00+00:00,-323.1467962341886,93454.93119531905,-0.0034458671275315877
2025-08-15 00:00:00+00:00,125.07369702421403,93580.00489234326,0.0013383317009010298
2025-08-18 00:00:00+00:00,201.01369380740866,93781.01858615066,0.002148041069656381
2025-08-19 00:00:00+00:00,386.6947422727042,94167.71332842337,0.004123379635906588
2025-08-20 00:00:00+00:00,0.0,94167.71332842337,0.0
2025-08-21 00:00:00+00:00,0.0,94167.71332842337,0.0
2025-08-22 00:00:00+00:00,-95.74015840493028,94071.97317001843,-0.0010166983461840085
2025-08-25 00:00:00+00:00,0.0,94071.97317001843,0.0
2025-08-26 00:00:00+00:00,213.76435747987207,94285.7375274983,0.0022723490352809517
2025-08-27 00:00:00+00:00,102.64881975529731,94388.3863472536,0.001088699335096699
2025-08-28 00:00:00+00:00,0.0,94388.3863472536,0.0
2025-08-29 00:00:00+00:00,0.0,94388.3863472536,0.0
2025-09-01 00:00:00+00:00,0.0,94388.3863472536,0.0
2025-09-02 00:00:00+00:00,254.41334135345468,94642.79968860706,0.0026953881849136607
2025-09-03 00:00:00+00:00,0.0,94642.79968860706,0.0
2025-09-04 00:00:00+00:00,0.0,94642.79968860706,0.0
2025-09-05 00:00:00+00:00,-36.99908913965101,94605.80059946742,-0.0003909340093634084
2025-09-08 00:00:00+00:00,0.0,94605.80059946742,0.0
2025-09-09 00:00:00+00:00,277.2458299988272,94883.04642946624,0.002930537326908622
2025-09-10 00:00:00+00:00,0.0,94883.04642946624,0.0
2025-09-11 00:00:00+00:00,139.97267778215036,95023.01910724839,0.0014752127281896232
2025-09-12 00:00:00+00:00,0.0,95023.01910724839,0.0
2025-09-15 00:00:00+00:00,0.0,95023.01910724839,0.0
2025-09-16 00:00:00+00:00,-153.76978621229222,94869.2493210361,-0.001618237219328189
2025-09-17 00:00:00+00:00,-162.19103346996167,94707.05828756613,-0.0017096270354275411
2025-09-18 00:00:00+00:00,-150.5626048486949,94556.49568271745,-0.0015897717400483735
2025-09-19 00:00:00+00:00,0.0,94556.49568271745,0.0
2025-09-22 00:00:00+00:00,0.0,94556.49568271745,0.0
2025-09-23 00:00:00+00:00,0.0,94556.49568271745,0.0
2025-09-24 00:00:00+00:00,0.0,94556.49568271745,0.0
2025-09-25 00:00:00+00:00,0.0,94556.49568271745,0.0
2025-09-26 00:00:00+00:00,28.51527694626344,94585.0109596637,0.0003015686732081857
2025-09-29 00:00:00+00:00,204.71359375530466,94789.72455341902,0.002164334408573554
2025-09-30 00:00:00+00:00,0.0,94789.72455341902,0.0
2025-10-01 00:00:00+00:00,0.0,94789.72455341902,0.0
2025-10-02 00:00:00+00:00,41.10981053523426,94830.83436395424,0.00043369479897648056
2025-10-03 00:00:00+00:00,45.01291496590435,94875.84727892015,0.00047466538987883666
2025-10-06 00:00:00+00:00,0.0,94875.84727892015,0.0
2025-10-07 00:00:00+00:00,644.4017848173678,95520.24906373752,0.006792053017697253
2025-10-08 00:00:00+00:00,0.0,95520.24906373752,0.0
2025-10-09 00:00:00+00:00,-124.22668446671605,95396.0223792708,-0.00130052722521512
2025-10-10 00:00:00+00:00,0.0,95396.0223792708,0.0
2025-10-13 00:00:00+00:00,0.0,95396.0223792708,0.0
2025-10-14 00:00:00+00:00,82.09872802513956,95478.12110729594,0.0008606095513996603
2025-10-15 00:00:00+00:00,0.0,95478.12110729594,0.0
2025-10-16 00:00:00+00:00,0.0,95478.12110729594,0.0
2025-10-17 00:00:00+00:00,0.0,95478.12110729594,0.0
2025-10-20 00:00:00+00:00,0.0,95478.12110729594,0.0
2025-10-21 00:00:00+00:00,0.0,95478.12110729594,0.0
2025-10-22 00:00:00+00:00,0.0,95478.12110729594,0.0
2025-10-23 00:00:00+00:00,0.0,95478.12110729594,0.0
2025-10-24 00:00:00+00:00,0.0,95478.12110729594,0.0
2025-10-27 00:00:00+00:00,0.0,95478.12110729594,0.0
2025-10-28 00:00:00+00:00,0.0,95478.12110729594,0.0
2025-10-29 00:00:00+00:00,229.83844906883922,95707.95955636477,0.0024072368245553477
2025-10-30 00:00:00+00:00,244.925070335095,95952.88462669987,0.0025590877861194627
2025-10-31 00:00:00+00:00,0.0,95952.88462669987,0.0
2025-11-03 00:00:00+00:00,-147.97070159977181,95804.9139251001,-0.001542118323752728
2025-11-04 00:00:00+00:00,32.04169203312142,95836.95561713322,0.0003344472712345503
2025-11-05 00:00:00+00:00,0.0,95836.95561713322,0.0
2025-11-06 00:00:00+00:00,0.0,95836.95561713322,0.0
2025-11-07 00:00:00+00:00,0.0,95836.95561713322,0.0
2025-11-10 00:00:00+00:00,0.0,95836.95561713322,0.0
2025-11-11 00:00:00+00:00,-506.0250886909543,95330.93052844227,-0.005280062220595849
2025-11-12 00:00:00+00:00,0.0,95330.93052844227,0.0
2025-11-13 00:00:00+00:00,0.0,95330.93052844227,0.0
2025-11-14 00:00:00+00:00,0.0,95330.93052844227,0.0
2025-11-17 00:00:00+00:00,0.0,95330.93052844227,0.0
2025-11-18 00:00:00+00:00,235.18016729027136,95566.11069573254,0.002466987010266264
2025-11-19 00:00:00+00:00,0.0,95566.11069573254,0.0
2025-11-20 00:00:00+00:00,-317.2946883418805,95248.81600739066,-0.0033201590609048814
2025-11-21 00:00:00+00:00,0.0,95248.81600739066,0.0
2025-11-24 00:00:00+00:00,0.0,95248.81600739066,0.0
2025-11-25 00:00:00+00:00,337.7689768708907,95586.58498426156,0.003546175071033719
2025-11-26 00:00:00+00:00,103.43298228589396,95690.01796654744,0.0010820868043661669
2025-11-27 00:00:00+00:00,0.0,95690.01796654744,0.0
2025-11-28 00:00:00+00:00,0.0,95690.01796654744,0.0
2025-12-01 00:00:00+00:00,-123.34488980476095,95566.67307674268,-0.0012890047721371145
2025-12-02 00:00:00+00:00,0.0,95566.67307674268,0.0
2025-12-03 00:00:00+00:00,0.0,95566.67307674268,0.0
2025-12-04 00:00:00+00:00,-43.561058205411776,95523.11201853727,-0.0004558185066296794
2025-12-05 00:00:00+00:00,0.0,95523.11201853727,0.0
2025-12-08 00:00:00+00:00,0.0,95523.11201853727,0.0
2025-12-09 00:00:00+00:00,-161.8077656151853,95361.30425292208,-0.001693912208218129
2025-12-10 00:00:00+00:00,-145.37672664551064,95215.92752627657,-0.0015244834137327912
2025-12-11 00:00:00+00:00,0.0,95215.92752627657,0.0
2025-12-12 00:00:00+00:00,0.0,95215.92752627657,0.0
2025-12-15 00:00:00+00:00,0.0,95215.92752627657,0.0
2025-12-16 00:00:00+00:00,141.74107267693668,95357.66859895352,0.0014886277575547613
2025-12-17 00:00:00+00:00,0.0,95357.66859895352,0.0
2025-12-18 00:00:00+00:00,0.0,95357.66859895352,0.0
2025-12-19 00:00:00+00:00,0.0,95357.66859895352,0.0
2025-12-22 00:00:00+00:00,0.0,95357.66859895352,0.0
2025-12-23 00:00:00+00:00,243.81224676762787,95601.48084572115,0.0025568184536162164
2025-12-24 00:00:00+00:00,0.0,95601.48084572115,0.0
2025-12-25 00:00:00+00:00,0.0,95601.48084572115,0.0
2025-12-26 00:00:00+00:00,-204.81874876628936,95396.66209695485,-0.0021424223448675006
2025-12-29 00:00:00+00:00,113.80487237384048,95510.46696932869,0.0011929649305566503
2025-12-30 00:00:00+00:00,211.3731365858703,95721.84010591457,0.002213088714703604
2025-12-31 00:00:00+00:00,-325.8356766266226,95396.00442928795,-0.003403984673362892
2026-01-01 00:00:00+00:00,0.0,95396.00442928795,0.0
2026-01-02 00:00:00+00:00,86.29093373084257,95482.29536301878,0.0009045550098987221
2026-01-05 00:00:00+00:00,51.74144921265858,95534.03681223144,0.0005418957411522651
2026-01-06 00:00:00+00:00,0.0,95534.03681223144,0.0
2026-01-07 00:00:00+00:00,0.0,95534.03681223144,0.0
2026-01-08 00:00:00+00:00,0.0,95534.03681223144,0.0
2026-01-09 00:00:00+00:00,-161.79224602737534,95372.24456620407,-0.0016935560500324076
2026-01-12 00:00:00+00:00,0.0,95372.24456620407,0.0
2026-01-13 00:00:00+00:00,79.43658843489523,95451.68115463897,0.0008329109668772094
2026-01-14 00:00:00+00:00,-58.93518096762597,95392.74597367134,-0.0006174347088989673
2026-01-15 00:00:00+00:00,0.0,95392.74597367134,0.0
2026-01-16 00:00:00+00:00,0.0,95392.74597367134,0.0
2026-01-19 00:00:00+00:00,0.0,95392.74597367134,0.0
2026-01-20 00:00:00+00:00,233.1934533035515,95625.93942697489,0.0024445617004034137
2026-01-21 00:00:00+00:00,0.0,95625.93942697489,0.0
2026-01-22 00:00:00+00:00,0.0,95625.93942697489,0.0
2026-01-23 00:00:00+00:00,-331.0330116057975,95294.90641536909,-0.0034617491194279815
2026-01-26 00:00:00+00:00,172.88082791527063,95467.78724328436,0.0018141665112898497
2026-01-27 00:00:00+00:00,86.9245112784815,95554.71175456284,0.000910511427870242
2026-01-28 00:00:00+00:00,-308.13870313632117,95246.57305142652,-0.003224735834354231
2026-01-29 00:00:00+00:00,0.0,95246.57305142652,0.0
2026-01-30 00:00:00+00:00,210.83510832955122,95457.40815975607,0.002213571591869412
2026-02-02 00:00:00+00:00,1052.0590342055511,96509.46719396162,0.011021240304836644
2026-02-03 00:00:00+00:00,0.0,96509.46719396162,0.0
2026-02-04 00:00:00+00:00,-185.91939941888242,96323.54779454274,-0.0019264369063941578
2026-02-05 00:00:00+00:00,0.0,96323.54779454274,0.0
2026-02-06 00:00:00+00:00,0.0,96323.54779454274,0.0
2026-02-09 00:00:00+00:00,0.0,96323.54779454274,0.0
2026-02-10 00:00:00+00:00,162.88525303558217,96486.43304757832,0.001691022151540933
2026-02-11 00:00:00+00:00,314.33073535365844,96800.76378293199,0.0032577713303865163
2026-02-12 00:00:00+00:00,-167.19520432700077,96633.56857860497,-0.0017272095569611512
2026-02-13 00:00:00+00:00,0.0,96633.56857860497,0.0
2026-02-16 00:00:00+00:00,0.0,96633.56857860497,0.0
2026-02-17 00:00:00+00:00,-162.78684429977824,96470.7817343052,-0.0016845786272225993
2026-02-18 00:00:00+00:00,0.0,96470.7817343052,0.0
2026-02-19 00:00:00+00:00,124.00310772349613,96594.78484202869,0.001285395489641683
2026-02-20 00:00:00+00:00,0.0,96594.78484202869,0.0
2026-02-23 00:00:00+00:00,0.0,96594.78484202869,0.0
2026-02-24 00:00:00+00:00,223.5670734157914,96818.3519154445,0.0023144838904236575
2026-02-25 00:00:00+00:00,0.0,96818.3519154445,0.0
2026-02-26 00:00:00+00:00,-14.169084104713297,96804.18283133977,-0.00014634709044725192
2026-02-27 00:00:00+00:00,0.0,96804.18283133977,0.0
2026-03-02 00:00:00+00:00,-516.9918105182,96287.19102082157,-0.005340593716068542
2026-03-03 00:00:00+00:00,-172.5035963048073,96114.68742451677,-0.001791552899985338
2026-03-04 00:00:00+00:00,0.0,96114.68742451677,0.0
2026-03-05 00:00:00+00:00,225.94751799367177,96340.63494251044,0.002350811556986132
2026-03-06 00:00:00+00:00,0.0,96340.63494251044,0.0
2026-03-09 00:00:00+00:00,0.0,96340.63494251044,0.0
2026-03-10 00:00:00+00:00,252.88967278985115,96593.5246153003,0.0026249533536992775
2026-03-11 00:00:00+00:00,0.0,96593.5246153003,0.0
2026-03-12 00:00:00+00:00,0.0,96593.5246153003,0.0
2026-03-13 00:00:00+00:00,-173.27174749048072,96420.2528678098,-0.0017938236354929638
2026-03-16 00:00:00+00:00,0.0,96420.2528678098,0.0
2026-03-17 00:00:00+00:00,0.0,96420.2528678098,0.0
2026-03-18 00:00:00+00:00,0.0,96420.2528678098,0.0
2026-03-19 00:00:00+00:00,-170.57876937951653,96249.67409843029,-0.0017691176314728052
2026-03-20 00:00:00+00:00,0.0,96249.67409843029,0.0
2026-03-23 00:00:00+00:00,0.0,96249.67409843029,0.0
2026-03-24 00:00:00+00:00,-0.09447432087729697,96249.57962410942,-9.815547091784893e-07
2026-03-25 00:00:00+00:00,0.0,96249.57962410942,0.0
2026-03-26 00:00:00+00:00,0.0,96249.57962410942,0.0
2026-03-27 00:00:00+00:00,0.0,96249.57962410942,0.0
2026-03-30 00:00:00+00:00,0.0,96249.57962410942,0.0
2026-03-31 00:00:00+00:00,0.0,96249.57962410942,0.0
2026-04-01 00:00:00+00:00,0.0,96249.57962410942,0.0
2026-04-02 00:00:00+00:00,0.0,96249.57962410942,0.0
2026-04-03 00:00:00+00:00,0.0,96249.57962410942,0.0
2026-04-06 00:00:00+00:00,-51.72666121634015,96197.85296289307,-0.0005374222040072096
2026-04-07 00:00:00+00:00,226.17150014081406,96424.02446303389,0.002351107568149713
2026-04-08 00:00:00+00:00,0.0,96424.02446303389,0.0
2026-04-09 00:00:00+00:00,0.0,96424.02446303389,0.0
2026-04-10 00:00:00+00:00,0.0,96424.02446303389,0.0
2026-04-13 00:00:00+00:00,438.64724734494666,96862.67171037884,0.004549148926190183
2026-04-14 00:00:00+00:00,-98.15346904083037,96764.51824133801,-0.0010133260554108237
2026-04-15 00:00:00+00:00,-194.71690516591238,96569.8013361721,-0.002012275870379221
2026-04-16 00:00:00+00:00,-26.756243497904876,96543.04509267419,-0.0002770663616130653
2026-04-17 00:00:00+00:00,0.0,96543.04509267419,0.0
2026-04-20 00:00:00+00:00,0.0,96543.04509267419,0.0
2026-04-21 00:00:00+00:00,28.307330367700157,96571.35242304188,0.00029320942115007576
2026-04-22 00:00:00+00:00,0.0,96571.35242304188,0.0
2026-04-23 00:00:00+00:00,0.0,96571.35242304188,0.0
2026-04-24 00:00:00+00:00,0.0,96571.35242304188,0.0
2026-04-27 00:00:00+00:00,-87.87413883906474,96483.47828420282,-0.000909940025009881
2026-04-28 00:00:00+00:00,198.63790727325278,96682.11619147607,0.0020587763916237733
2026-04-29 00:00:00+00:00,-235.39361854908515,96446.72257292698,-0.00243471727576694
2026-04-30 00:00:00+00:00,0.0,96446.72257292698,0.0
2026-05-01 00:00:00+00:00,0.0,96446.72257292698,0.0
2026-05-04 00:00:00+00:00,-1.3271226270438774,96445.39545029994,-1.3760163037557227e-05
2026-05-05 00:00:00+00:00,0.0,96445.39545029994,0.0
2026-05-06 00:00:00+00:00,86.24427868132824,96531.63972898127,0.000894229094905663
2026-05-07 00:00:00+00:00,0.0,96531.63972898127,0.0
2026-05-08 00:00:00+00:00,0.0,96531.63972898127,0.0
2026-05-11 00:00:00+00:00,0.0,96531.63972898127,0.0
2026-05-12 00:00:00+00:00,-169.39588921695858,96362.24383976431,-0.0017548224570985704
2026-05-13 00:00:00+00:00,0.0,96362.24383976431,0.0
2026-05-14 00:00:00+00:00,-118.44921786075307,96243.79462190357,-0.0012292077596045559
2026-05-15 00:00:00+00:00,-365.099869298654,95878.6947526049,-0.003793489967150232
2026-05-18 00:00:00+00:00,4.548074904215793,95883.24282750912,4.743571985366124e-05
2026-05-19 00:00:00+00:00,-159.5147890133259,95723.7280384958,-0.0016636357335169105
2026-05-20 00:00:00+00:00,0.0,95723.7280384958,0.0
2026-05-21 00:00:00+00:00,7.257447851302353,95730.9854863471,7.581660263356049e-05
2026-05-22 00:00:00+00:00,0.0,95730.9854863471,0.0
2026-05-25 00:00:00+00:00,0.0,95730.9854863471,0.0
2026-05-26 00:00:00+00:00,0.0,95730.9854863471,0.0
2026-05-27 00:00:00+00:00,-57.734657502129295,95673.25082884498,-0.0006030926894652344
2026-05-28 00:00:00+00:00,0.0,95673.25082884498,0.0
2026-05-29 00:00:00+00:00,-52.32485877244978,95620.92597007252,-0.0005469121025902801
2026-06-01 00:00:00+00:00,-11.509890434952219,95609.41607963757,-0.0001203699955651949
2026-06-02 00:00:00+00:00,0.0,95609.41607963757,0.0
2026-06-03 00:00:00+00:00,0.0,95609.41607963757,0.0
2026-06-04 00:00:00+00:00,0.0,95609.41607963757,0.0
2026-06-05 00:00:00+00:00,0.0,95609.41607963757,0.0
2026-06-08 00:00:00+00:00,125.22297075831827,95734.63905039588,0.001309734709121324
2026-06-09 00:00:00+00:00,305.4853871446661,96040.12443754055,0.0031909598257726657
2026-06-10 00:00:00+00:00,0.0,96040.12443754055,0.0
2026-06-11 00:00:00+00:00,0.0,96040.12443754055,0.0
2026-06-12 00:00:00+00:00,0.0,96040.12443754055,0.0
2026-06-15 00:00:00+00:00,0.0,96040.12443754055,0.0
2026-06-16 00:00:00+00:00,0.0,96040.12443754055,0.0
2026-06-17 00:00:00+00:00,0.0,96040.12443754055,0.0
2026-06-18 00:00:00+00:00,0.0,96040.12443754055,0.0
2026-06-19 00:00:00+00:00,0.0,96040.12443754055,0.0
2026-06-22 00:00:00+00:00,0.0,96040.12443754055,0.0
2026-06-23 00:00:00+00:00,-699.51776973502,95340.60666780554,-0.007283599160577414
2026-06-24 00:00:00+00:00,0.0,95340.60666780554,0.0
2026-06-25 00:00:00+00:00,0.0,95340.60666780554,0.0
2026-06-26 00:00:00+00:00,100.3226423369375,95440.92931014247,0.0010522551286724635
2026-06-29 00:00:00+00:00,-398.86432166088053,95042.0649884816,-0.004179174747604764
2026-06-30 00:00:00+00:00,133.1731272134244,95175.23811569501,0.0014012019544142884
2026-07-01 00:00:00+00:00,-51.31033916761869,95123.9277765274,-0.0005391143766326767
2026-07-02 00:00:00+00:00,0.0,95123.9277765274,0.0
2026-07-03 00:00:00+00:00,0.0,95123.9277765274,0.0
2026-07-06 00:00:00+00:00,8.741711319135618,95132.66948784654,9.189813250420897e-05
2026-07-07 00:00:00+00:00,65.49190241954942,95198.16139026609,0.0006884270437499396
2026-07-08 00:00:00+00:00,0.0,95198.16139026609,0.0
2026-07-09 00:00:00+00:00,0.0,95198.16139026609,0.0
2026-07-10 00:00:00+00:00,0.0,95198.16139026609,0.0
2026-07-13 00:00:00+00:00,-113.56665088566669,95084.59473938041,-0.0011929500446979935
2026-07-14 00:00:00+00:00,159.8455097336086,95244.44024911402,0.0016810873535479942
2026-07-15 00:00:00+00:00,0.0,95244.44024911402,0.0
2026-07-16 00:00:00+00:00,-164.00924178039872,95080.43100733362,-0.0017219823157280656
2026-07-17 00:00:00+00:00,0.0,95080.43100733362,0.0
2026-07-20 00:00:00+00:00,239.20545977106084,95319.63646710469,0.002515822206912599
2026-07-21 00:00:00+00:00,0.0,95319.63646710469,0.0
2026-07-22 00:00:00+00:00,0.0,95319.63646710469,0.0
2026-07-23 00:00:00+00:00,-153.21222197448594,95166.4242451302,-0.0016073521433054294
2026-07-24 00:00:00+00:00,0.0,95166.4242451302,0.0
2026-07-27 00:00:00+00:00,64.50836430276324,95230.93260943296,0.000677847936543241
2026-07-28 00:00:00+00:00,86.85633590663156,95317.78894533959,0.0009120601208731927
2026-07-29 00:00:00+00:00,0.0,95317.78894533959,0.0
2026-07-30 00:00:00+00:00,299.68896777399743,95617.47791311359,0.0031441032265850932
2026-07-31 00:00:00+00:00,0.0,95617.47791311359,0.0
2026-08-03 00:00:00+00:00,-20.91366485406612,95596.56424825953,-0.00021872219713914287
2026-08-04 00:00:00+00:00,0.0,95596.56424825953,0.0
2026-08-05 00:00:00+00:00,262.125034948386,95858.68928320792,0.00274199221498872
2026-08-06 00:00:00+00:00,0.0,95858.68928320792,0.0
2026-08-07 00:00:00+00:00,0.0,95858.68928320792,0.0
2026-08-10 00:00:00+00:00,0.0,95858.68928320792,0.0
2026-08-11 00:00:00+00:00,-270.343356348993,95588.34592685892,-0.002820227966504829
2026-08-12 00:00:00+00:00,-184.34605927301348,95403.99986758591,-0.0019285411572459443
2026-08-13 00:00:00+00:00,-27.516686194016778,95376.48318139189,-0.00028842277296770025
2026-08-14 00:00:00+00:00,0.0,95376.48318139189,0.0
2026-08-17 00:00:00+00:00,-156.38682279566473,95220.09635859623,-0.0016396790653124826
2026-08-18 00:00:00+00:00,-300.7541158477811,94919.34224274845,-0.0031585151386022137
2026-08-19 00:00:00+00:00,64.33330867340365,94983.67555142185,0.0006777681677236913
2026-08-20 00:00:00+00:00,0.0,94983.67555142185,0.0
2026-08-21 00:00:00+00:00,0.0,94983.67555142185,0.0
2026-08-24 00:00:00+00:00,0.0,94983.67555142185,0.0
2026-08-25 00:00:00+00:00,0.0,94983.67555142185,0.0
2026-08-26 00:00:00+00:00,36.299425585089516,95019.97497700693,0.00038216488648545877
2026-08-27 00:00:00+00:00,0.0,95019.97497700693,0.0
2026-08-28 00:00:00+00:00,207.36384243012225,95227.33881943706,0.0021823184281022368
2026-08-31 00:00:00+00:00,0.0,95227.33881943706,0.0
2026-09-01 00:00:00+00:00,0.0,95227.33881943706,0.0
2026-09-02 00:00:00+00:00,0.0,95227.33881943706,0.0
2026-09-03 00:00:00+00:00,0.0,95227.33881943706,0.0
2026-09-04 00:00:00+00:00,-255.84578687407725,94971.49303256298,-0.002686684202728773
2026-09-07 00:00:00+00:00,-123.04928709641416,94848.44374546657,-0.001295644442003474
2026-09-08 00:00:00+00:00,215.95916527968492,95064.40291074626,0.002276886754823515
2026-09-09 00:00:00+00:00,-60.21535409396553,95004.1875566523,-0.0006334164235007878
2026-09-10 00:00:00+00:00,0.0,95004.1875566523,0.0
2026-09-11 00:00:00+00:00,0.0,95004.1875566523,0.0
2026-09-14 00:00:00+00:00,-328.9114116957754,94675.27614495652,-0.003462072779682912
2026-09-15 00:00:00+00:00,-185.66260849645386,94489.61353646006,-0.001961046389895804
2026-09-16 00:00:00+00:00,0.0,94489.61353646006,0.0
2026-09-17 00:00:00+00:00,0.0,94489.61353646006,0.0
2026-09-18 00:00:00+00:00,0.0,94489.61353646006,0.0
2026-09-21 00:00:00+00:00,-76.76584261684921,94412.84769384321,-0.0008124262524074055
2026-09-22 00:00:00+00:00,0.0,94412.84769384321,0.0
