,gain
vol_expansion,549.6095094851086
rng_atr,522.0348761017833
sweep_wick,505.6823893828051
pen_atr,474.5711360488619
tickvol_z,470.77397498169114
body_frac,428.18808797853336
minute_of_day,424.3095677729164
d_atr_pctile,422.5607797184161
cost_to_r_est,407.60312481224537
roc64_atr,401.5248525270394
pd_range_atr,400.9207459464669
h4_trend_atr,396.8151160712753
er40,391.7870112971536
struct_r_atr,386.11042902725086
rn_dist_atr,365.64705154299736
rsi14,363.32297840714455
rsi_64,361.0017116814852
ou_hl,360.66394340991974
hurst,347.9531800778849
h4_er,347.7519996623908
px_vs_h4ema200_atr,342.509475512164
spread_z,334.4910840753998
reclaim_frac,328.82717865918363
roc16_atr,303.3234565768923
vwap_dist_atr,302.8522750517087
pos_in_pd_range,282.7092051718916
dow,279.48847198273455
hour,246.38599963166885
dir_run,91.94021497028214
pool_code,60.22892372097288
pool_conf,35.90672148977007
sweeps_today,22.799562198775156
