fold,train_start,train_end,test_start,test_end,n_train,n_test,gate,train_base_rate
0,2023-08-31 11:00:00+00:00,2024-06-28 15:45:00+00:00,2024-07-01 00:00:00+00:00,2024-08-30 00:00:00+00:00,1525,294,0.4562,0.4525
1,2023-08-31 11:00:00+00:00,2024-08-28 17:45:00+00:00,2024-08-30 00:00:00+00:00,2024-10-29 00:00:00+00:00,1809,461,0.4595,0.4522
2,2023-08-31 11:00:00+00:00,2024-10-25 16:45:00+00:00,2024-10-29 00:00:00+00:00,2024-12-28 00:00:00+00:00,2275,439,0.4535,0.4462
3,2023-08-31 11:00:00+00:00,2024-12-26 17:00:00+00:00,2024-12-28 00:00:00+00:00,2025-02-26 00:00:00+00:00,2714,407,0.4443,0.4436
4,2023-08-31 11:00:00+00:00,2025-02-24 17:15:00+00:00,2025-02-26 00:00:00+00:00,2025-04-27 00:00:00+00:00,3111,462,0.4405,0.4401
5,2023-08-31 11:00:00+00:00,2025-04-25 17:45:00+00:00,2025-04-27 00:00:00+00:00,2025-06-26 00:00:00+00:00,3588,429,0.4353,0.4365
6,2023-08-31 11:00:00+00:00,2025-06-24 14:45:00+00:00,2025-06-26 00:00:00+00:00,2025-08-25 00:00:00+00:00,4007,480,0.4403,0.4392
7,2023-08-31 11:00:00+00:00,2025-08-22 17:15:00+00:00,2025-08-25 00:00:00+00:00,2025-10-24 00:00:00+00:00,4497,445,0.4302,0.4325
8,2023-08-31 11:00:00+00:00,2025-10-22 16:45:00+00:00,2025-10-24 00:00:00+00:00,2025-12-23 00:00:00+00:00,4935,438,0.4229,0.4286
9,2023-08-31 11:00:00+00:00,2025-12-19 16:15:00+00:00,2025-12-23 00:00:00+00:00,2026-02-21 00:00:00+00:00,5373,462,0.4312,0.432
10,2023-08-31 11:00:00+00:00,2026-02-19 16:45:00+00:00,2026-02-21 00:00:00+00:00,2026-04-22 00:00:00+00:00,5825,394,0.4246,0.4295
11,2023-08-31 11:00:00+00:00,2026-04-20 18:00:00+00:00,2026-04-22 00:00:00+00:00,2026-06-21 00:00:00+00:00,6229,425,0.4254,0.4293
12,2023-08-31 11:00:00+00:00,2026-06-19 18:00:00+00:00,2026-06-21 00:00:00+00:00,2026-08-20 00:00:00+00:00,6661,465,0.422,0.4273
13,2023-08-31 11:00:00+00:00,2026-08-18 17:15:00+00:00,2026-08-20 00:00:00+00:00,2026-09-21 00:00:00+00:00,7112,249,0.4173,0.4244
