symbol,category,description,pure_start,pure_end,n_pure_bars,point,live_spread,med_spread_pts,med_spread_bps,med_atr14_bps,rt_cost_bps,cost_to_atr,cost_to_R,status,reason,cluster
ALUMINIUM,Commodities,Aluminium vs US Dollar,2024-07-16 06:00:00+00:00,2026-09-18 05:45:00+00:00,39275,0.001,True,3500.0,13.145,19.06,26.29,1.3793,0.9195,drop,cost/R 0.919 > 0.22,
AU200,Indices,Australia 200 Cash,2023-08-25 08:45:00+00:00,2026-09-21 10:45:00+00:00,68447,0.01,True,110.0,1.32,10.52,2.64,0.2509,0.1673,keep,,10.0
AUDCAD,Forex_Raw,Australian Dollar / Canadian Dollar,2023-08-30 08:00:00+00:00,2026-09-18 05:45:00+00:00,73080,1e-05,True,5.0,0.441,5.78,1.582,0.2737,0.1825,keep,,7.0
AUDCHF,Forex_Raw,Australian Dollar / Swiss Franc,2023-08-30 09:00:00+00:00,2026-09-21 10:45:00+00:00,73350,1e-05,True,2.0,0.354,7.03,1.408,0.2004,0.1336,keep,,12.0
AUDCNH,Forex_Raw,Australian Dollar / Chinese Yuan,2023-04-24 00:00:00+00:00,2026-09-18 05:45:00+00:00,71596,1e-05,True,68.0,1.38,6.8,3.459,0.5091,0.3394,drop,cost/R 0.339 > 0.22,
AUDJPY,Forex_Raw,Australian Dollar / Japanese Yen,2023-08-30 09:00:00+00:00,2026-09-18 05:45:00+00:00,73040,0.001,True,3.0,0.304,8.05,1.309,0.1626,0.1084,keep,,1.0
AUDNZD,Forex_Raw,Australian Dollar / New Zealand Dollar,2023-08-30 09:00:00+00:00,2026-09-18 05:45:00+00:00,73033,1e-05,True,5.0,0.454,4.31,1.607,0.373,0.2486,drop,cost/R 0.249 > 0.22,
AUDSGD,Forex_Raw,Australian Dollar / Singaporean Dollar,2024-07-23 09:30:00+00:00,2026-09-18 05:45:00+00:00,53558,1e-05,True,8.0,0.929,5.95,2.558,0.4301,0.2868,drop,cost/R 0.287 > 0.22,
AUDUSD,Forex_Raw,Australian Dollar / US Dollar,2023-08-30 08:00:00+00:00,2026-09-18 05:45:00+00:00,73045,1e-05,True,2.0,0.152,7.39,1.004,0.1358,0.0905,keep,,7.0
CADCHF,Forex_Raw,Canadian Dollar / Swiss Franc,2023-08-30 08:00:00+00:00,2026-09-18 05:45:00+00:00,73045,1e-05,True,4.0,0.654,5.68,2.008,0.3537,0.2358,drop,cost/R 0.236 > 0.22,
CADJPY,Forex_Raw,Canadian Dollar / Japanese Yen,2023-08-30 09:00:00+00:00,2026-09-18 05:45:00+00:00,73036,0.001,True,7.0,0.637,6.61,1.975,0.2986,0.199,keep,,2.0
CHFJPY,Forex_Raw,Swiss Franc / Japanese Yen,2023-08-30 09:00:00+00:00,2026-09-18 05:45:00+00:00,73029,0.001,True,6.0,0.342,6.48,1.384,0.2137,0.1425,keep,,2.0
CHFSGD,Forex_Raw,Swiss Franc / Singaporean Dollar,2024-07-18 00:00:00+00:00,2026-09-18 05:45:00+00:00,53644,1e-05,True,7.0,0.44,5.17,1.58,0.3055,0.2037,keep,,19.0
CHINA50,Indices,FTSE China A50 Index,2024-07-17 12:00:00+00:00,2026-09-18 05:45:00+00:00,51259,0.01,True,1000.0,6.954,10.05,13.908,1.3844,0.923,drop,cost/R 0.923 > 0.22,
CHINAH,Indices,China H-SHARES Index,2023-08-21 21:15:00+00:00,2026-09-18 05:45:00+00:00,55554,0.01,True,2000.0,25.467,19.1,50.935,2.6667,1.7778,drop,cost/R 1.778 > 0.22,
CNHJPY,Forex_Raw,Chinese Yuan / Japanese Yen,2024-07-18 00:00:00+00:00,2026-09-18 05:45:00+00:00,53650,0.001,True,1.0,0.469,6.7,1.638,0.2445,0.163,keep,,2.0
COPPER,Commodities,Copper vs US Dollar,2024-07-16 06:00:00+00:00,2026-09-18 05:45:00+00:00,39238,0.001,True,6100.0,6.139,18.93,12.279,0.6486,0.4324,drop,cost/R 0.432 > 0.22,
DJ30,Indices,Wall Street 30 Cash ,2023-08-30 02:00:00+00:00,2026-09-18 05:45:00+00:00,71950,0.01,True,140.0,0.326,8.78,0.652,0.0742,0.0495,keep,,9.0
EURAUD,Forex_Raw,Euro / Australian Dollar,2023-08-30 09:00:00+00:00,2026-09-18 05:45:00+00:00,73042,1e-05,True,3.0,0.181,5.99,1.062,0.1775,0.1183,keep,,15.0
EURCAD,Forex_Raw,Euro / Canadian Dollar,2023-08-30 08:00:00+00:00,2026-09-18 05:45:00+00:00,73039,1e-05,True,4.0,0.257,4.45,1.213,0.2724,0.1816,keep,,4.0
EURCHF,Forex_Raw,Euro / Swiss Franc,2023-08-30 08:00:00+00:00,2026-09-18 05:45:00+00:00,73044,1e-05,True,4.0,0.32,4.24,1.34,0.3163,0.2109,keep,,13.0
EURCNH,Forex_Raw,Euro / Chinese Yuan ,2024-07-18 00:00:00+00:00,2026-09-21 10:45:00+00:00,53941,1e-05,True,45.0,0.566,4.89,1.832,0.3744,0.2496,drop,cost/R 0.250 > 0.22,
EURGBP,Forex_Raw,Euro / Great Britain Pound ,2023-08-30 07:00:00+00:00,2026-09-18 05:45:00+00:00,73051,1e-05,True,2.0,0.233,3.65,1.166,0.3198,0.2132,keep,,20.0
EURHUF,Forex_Raw,Euro / Hungarian Forint,2023-04-25 00:00:00+00:00,2026-09-21 10:45:00+00:00,73219,0.001,True,158.0,4.055,6.3,8.81,1.3979,0.9319,drop,cost/R 0.932 > 0.22,
EURJPY,Forex_Raw,Euro / Japanese Yen,2023-08-30 09:00:00+00:00,2026-09-18 05:45:00+00:00,73083,0.001,True,4.0,0.239,6.16,1.178,0.1914,0.1276,keep,,2.0
EURMXN,Forex_Raw,US Dollar / Mexican Peso,2024-07-18 00:00:00+00:00,2026-09-18 05:45:00+00:00,53656,1e-05,True,407.0,1.907,7.41,4.514,0.609,0.406,drop,cost/R 0.406 > 0.22,
EURNOK,Forex_Raw,Euro / Norwegian Kroner,2023-08-30 01:00:00+00:00,2026-09-18 05:45:00+00:00,73090,1e-05,True,236.0,1.971,7.02,4.642,0.661,0.4406,drop,cost/R 0.441 > 0.22,
EURNZD,Forex_Raw,Euro / New Zealand Dollar,2023-08-30 08:00:00+00:00,2026-09-18 05:45:00+00:00,73044,1e-05,True,10.0,0.528,5.93,1.757,0.2961,0.1974,keep,,15.0
EURSEK,Forex_Raw,Euro / Swedish Krona,2023-04-24 00:00:00+00:00,2026-09-21 10:45:00+00:00,73259,1e-05,True,229.0,1.98,6.17,4.66,0.7548,0.5032,drop,cost/R 0.503 > 0.22,
EURSGD,Forex_Raw,Euro / Singaporean Dollar,2024-07-18 00:00:00+00:00,2026-09-18 05:45:00+00:00,53656,1e-05,True,9.0,0.608,4.08,1.917,0.4698,0.3132,drop,cost/R 0.313 > 0.22,
EURUSD,Forex_Raw,Euro / US Dollar,2023-08-30 08:00:00+00:00,2026-09-21 10:45:00+00:00,73395,1e-05,True,1.0,0.09,4.99,0.88,0.1763,0.1175,keep,,6.0
EURZAR,Forex_Raw,Euro / South African Rand,2024-07-18 00:00:00+00:00,2026-09-18 05:45:00+00:00,53650,1e-05,True,314.0,1.611,9.43,3.922,0.4159,0.2773,drop,cost/R 0.277 > 0.22,
FR40,Indices,France 40 Cash ,2023-08-18 17:00:00+00:00,2026-09-21 11:00:00+00:00,63735,0.01,True,150.0,1.779,12.8,3.558,0.278,0.1853,keep,,8.0
GBPAUD,Forex_Raw,Great Britain Pound / Australian Dollar,2023-08-30 09:00:00+00:00,2026-09-18 05:45:00+00:00,73034,1e-05,True,6.0,0.309,5.9,1.319,0.2235,0.149,keep,,16.0
GBPCAD,Forex_Raw,Great Britain Pound / Canadian Dollar,2023-08-30 08:00:00+00:00,2026-09-18 05:45:00+00:00,73037,1e-05,True,7.0,0.382,4.7,1.465,0.312,0.208,keep,,5.0
GBPCHF,Forex_Raw,Great Britain Pound / Swiss Franc,2023-08-30 09:00:00+00:00,2026-09-18 05:45:00+00:00,73032,1e-05,True,4.0,0.364,5.33,1.427,0.2677,0.1785,keep,,14.0
GBPCNH,Forex_Raw,Great Britain Pound / Chinese Yuan ,2024-07-18 00:00:00+00:00,2026-09-18 05:45:00+00:00,53652,1e-05,True,55.0,0.591,5.41,1.881,0.3478,0.2318,drop,cost/R 0.232 > 0.22,
GBPJPY,Forex_Raw,Great Britain Pound / Japanese Yen,2023-08-30 09:00:00+00:00,2026-09-18 05:45:00+00:00,73033,0.001,True,4.0,0.203,6.64,1.105,0.1666,0.1111,keep,,2.0
GBPNOK,Forex_Raw,Great Britain Pound / Norwegian Krone,2024-07-18 00:00:00+00:00,2026-09-18 05:45:00+00:00,53651,1e-05,True,218.0,1.598,8.03,3.895,0.4853,0.3235,drop,cost/R 0.324 > 0.22,
GBPNZD,Forex_Raw,Great Britain Pound / New Zealand Dollar,2023-08-30 08:00:00+00:00,2026-09-18 05:45:00+00:00,73033,1e-05,True,7.0,0.313,5.85,1.325,0.2266,0.151,keep,,16.0
GBPSEK,Forex_Raw,Great Britain Pound / Swedish Krona,2024-07-18 00:00:00+00:00,2026-09-18 05:45:00+00:00,53651,1e-05,True,344.0,2.667,7.41,6.035,0.8145,0.543,drop,cost/R 0.543 > 0.22,
GBPSGD,Forex_Raw,Great Britain Pound / Singaporean Dollar,2024-07-18 00:00:00+00:00,2026-09-18 05:45:00+00:00,53656,1e-05,True,17.0,0.988,4.74,2.676,0.564,0.376,drop,cost/R 0.376 > 0.22,
GBPUSD,Forex_Raw,Great Britain Pound / US Dollar,2023-08-30 08:00:00+00:00,2026-09-18 05:45:00+00:00,73048,1e-05,True,1.0,0.076,5.41,0.852,0.1576,0.1051,keep,,6.0
GER40,Indices,DAX 40 Cash CFD,2023-08-28 07:15:00+00:00,2026-09-21 10:45:00+00:00,69167,0.01,True,110.0,0.489,10.82,0.978,0.0903,0.0602,keep,,8.0
HK50,Indices,Hang Seng Cash ,2023-08-22 05:15:00+00:00,2026-09-18 05:45:00+00:00,60018,0.01,True,630.0,2.684,15.95,5.369,0.3366,0.2244,drop,cost/R 0.224 > 0.22,
JP225,Indices,Nikkei 225 Cash ,2023-08-29 11:00:00+00:00,2026-09-18 05:45:00+00:00,72080,0.01,True,600.0,1.525,18.33,3.049,0.1663,0.1109,keep,,11.0
LEAD,Commodities,Lead vs US Dollar,2024-07-16 06:00:00+00:00,2026-09-21 10:45:00+00:00,39552,0.001,True,4050.0,20.618,14.49,41.236,2.8451,1.8967,drop,cost/R 1.897 > 0.22,
NAS100,Indices,Nasdaq Cash,2023-08-30 02:00:00+00:00,2026-09-18 05:45:00+00:00,71985,0.01,True,110.0,0.519,13.37,1.038,0.0776,0.0517,keep,,9.0
NETH25,Indices,Netherlands 25 Index,2023-08-18 16:00:00+00:00,2026-09-18 05:45:00+00:00,67191,0.01,True,30.0,3.279,11.74,6.557,0.5585,0.3723,drop,cost/R 0.372 > 0.22,
NICKEL,Commodities,Nickel vs US Dollar,2024-07-12 18:00:00+00:00,2026-09-21 11:00:00+00:00,33392,0.001,True,9690.0,5.983,25.32,11.967,0.4727,0.3151,drop,cost/R 0.315 > 0.22,
NOKJPY,Forex_Raw,Norwegian Krone / Japanese Yen,2024-07-18 00:00:00+00:00,2026-09-18 05:45:00+00:00,53642,0.001,True,9.0,6.176,11.57,13.052,1.1283,0.7522,drop,cost/R 0.752 > 0.22,
NOKSEK,Forex_Raw,Norwegian Krone / Swedish Krona,2024-07-18 00:00:00+00:00,2026-09-18 05:45:00+00:00,53647,1e-05,True,22.0,2.291,7.46,5.283,0.708,0.472,drop,cost/R 0.472 > 0.22,
NZDCAD,Forex_Raw,New Zealand Dollar / Canadian Dollar,2023-08-30 08:00:00+00:00,2026-09-18 05:45:00+00:00,73035,1e-05,True,5.0,0.611,6.2,1.923,0.3101,0.2067,keep,,7.0
NZDCHF,Forex_Raw,New Zealand Dollar / Swiss Franc,2023-08-30 08:00:00+00:00,2026-09-18 05:45:00+00:00,73040,1e-05,True,3.0,0.598,6.99,1.897,0.2712,0.1808,keep,,12.0
NZDCNH,Forex_Raw,New Zealand Dollar / Chinese Yuan,2024-07-18 00:00:00+00:00,2026-09-21 10:45:00+00:00,53938,1e-05,True,13.0,0.314,6.97,1.329,0.1907,0.1271,keep,,7.0
NZDJPY,Forex_Raw,New Zealand Dollar / Japanese Yen,2023-08-30 09:00:00+00:00,2026-09-18 05:45:00+00:00,73038,0.001,True,5.0,0.554,7.84,1.809,0.2307,0.1538,keep,,1.0
NZDSGD,Forex_Raw,New Zealand Dollar / Singaporean Dollar,2023-08-30 04:00:00+00:00,2026-09-18 05:45:00+00:00,72950,1e-05,True,7.0,0.911,6.07,2.523,0.4154,0.277,drop,cost/R 0.277 > 0.22,
NZDUSD,Forex_Raw,New Zealand Dollar / US Dollar,2023-08-30 08:00:00+00:00,2026-09-21 10:45:00+00:00,73357,1e-05,True,2.0,0.338,7.58,1.376,0.1815,0.121,keep,,7.0
SGDJPY,Forex_Raw,Singaporean Dollar / Japanese Yen,2023-08-30 07:00:00+00:00,2026-09-18 05:45:00+00:00,73042,0.001,True,8.0,0.696,5.88,2.092,0.3558,0.2372,drop,cost/R 0.237 > 0.22,
SP500,Indices,US SPX 500 Cash ,2023-08-29 17:00:00+00:00,2026-09-18 05:45:00+00:00,72011,0.01,True,38.0,0.638,9.19,1.277,0.1389,0.0926,keep,,9.0
STOXX50,Indices,Europe 50 Cash ,2023-08-22 08:15:00+00:00,2026-09-18 05:45:00+00:00,69289,0.01,True,160.0,3.032,12.14,6.064,0.4994,0.333,drop,cost/R 0.333 > 0.22,
SWISS20,Indices,Swiss 20 index,2024-07-17 12:00:00+00:00,2026-09-18 05:45:00+00:00,49091,0.01,True,400.0,3.204,11.64,6.408,0.5504,0.3669,drop,cost/R 0.367 > 0.22,
UK100,Indices,UK 100 Cash ,2023-08-25 08:00:00+00:00,2026-09-18 05:45:00+00:00,68086,0.01,True,170.0,1.968,10.44,3.936,0.377,0.2514,drop,cost/R 0.251 > 0.22,
US2000,Indices,Russel 2000 Cash,2024-07-17 12:00:00+00:00,2026-09-21 10:45:00+00:00,51259,0.01,True,32.0,1.34,14.28,2.681,0.1877,0.1251,keep,,9.0
USDCAD,Forex_Raw,US Dollar / Canadian Dollar,2023-08-30 08:00:00+00:00,2026-09-18 05:45:00+00:00,73048,1e-05,True,2.0,0.145,3.94,0.99,0.2513,0.1675,keep,,17.0
USDCHF,Forex_Raw,US Dollar / Swiss Franc,2023-08-30 08:00:00+00:00,2026-09-18 05:45:00+00:00,73049,1e-05,True,3.0,0.355,5.87,1.41,0.2403,0.1602,keep,,18.0
USDCNH,Forex_Raw,US Dollar / Chinese Yuan,2023-08-30 07:00:00+00:00,2026-09-18 05:45:00+00:00,73052,1e-05,True,39.0,0.543,2.45,1.787,0.7301,0.4867,drop,cost/R 0.487 > 0.22,
USDHUF,Forex_Raw,US Dollar / Hungarian Florint,2023-04-24 00:00:00+00:00,2026-09-18 05:45:00+00:00,72946,0.001,True,69.0,1.872,9.49,4.444,0.4684,0.3123,drop,cost/R 0.312 > 0.22,
USDJPY,Forex_Raw,US Dollar / Japanese Yen,2023-08-30 08:00:00+00:00,2026-09-18 05:45:00+00:00,73047,0.001,True,1.0,0.066,6.41,0.832,0.1296,0.0864,keep,,2.0
USDMXN,Forex_Raw,US Dollar / Mexican Peso,2023-08-30 03:00:00+00:00,2026-09-18 05:45:00+00:00,73080,1e-05,True,228.0,1.256,7.3,3.213,0.44,0.2934,drop,cost/R 0.293 > 0.22,
USDNOK,Forex_Raw,US Dollar / Norwegian Krone,2023-08-30 07:00:00+00:00,2026-09-18 05:45:00+00:00,73053,1e-05,True,177.0,1.663,9.35,4.027,0.4305,0.287,drop,cost/R 0.287 > 0.22,
USDSEK,Forex_Raw,US Dollar / Swedish Krona,2023-04-24 00:00:00+00:00,2026-09-21 10:45:00+00:00,73253,1e-05,True,160.0,1.523,8.93,3.747,0.4197,0.2798,drop,cost/R 0.280 > 0.22,
USDSGD,Forex_Raw,US Dollar / Singapore Dollar,2023-08-30 02:00:00+00:00,2026-09-18 05:45:00+00:00,73070,1e-05,True,5.0,0.383,3.72,1.465,0.3942,0.2628,drop,cost/R 0.263 > 0.22,
USDZAR,Forex_Raw,US Dollar / South African Rand,2023-08-29 19:00:00+00:00,2026-09-18 05:45:00+00:00,73126,1e-05,True,322.0,1.676,10.77,4.052,0.3761,0.2507,drop,cost/R 0.251 > 0.22,
XAGAUD,Commodities_Raw,Silver - Australian Dollar,2024-07-22 10:00:00+00:00,2026-09-18 05:45:00+00:00,50783,0.001,True,34.0,5.724,29.94,11.447,0.3823,0.2549,drop,cost/R 0.255 > 0.22,
XAGEUR,Commodities_Raw,Silver - Euro,2024-07-22 10:00:00+00:00,2026-09-18 05:45:00+00:00,50792,0.001,True,9.0,2.409,31.76,4.817,0.1517,0.1011,keep,,3.0
XAGSGD,Commodities_Raw,Silver vs Singapore Dollar,2024-07-22 10:00:00+00:00,2026-09-18 05:45:00+00:00,50769,0.001,True,9.0,1.607,30.8,3.214,0.1043,0.0696,keep,,3.0
XAGUSD,Commodities_Raw,Silver - US Dollar,2024-07-22 10:00:00+00:00,2026-09-18 05:45:00+00:00,50819,0.001,True,13.0,3.348,31.16,6.696,0.2149,0.1433,keep,,3.0
XAUAUD,Commodities_Raw,Gold - Australian Dollar,2024-07-22 10:00:00+00:00,2026-09-18 05:45:00+00:00,50838,0.01,True,28.0,0.534,15.89,1.069,0.0673,0.0449,keep,,3.0
XAUCNH,Commodities_Raw,Gold vs Chinese Offshore Yuan,2024-07-22 10:00:00+00:00,2026-09-21 10:45:00+00:00,51110,0.01,True,163.0,0.665,15.91,1.329,0.0835,0.0557,keep,,3.0
XAUEUR,Commodities_Raw,Gold - Euro,2024-07-22 10:00:00+00:00,2026-09-18 05:45:00+00:00,50826,0.01,True,14.0,0.473,16.49,0.947,0.0574,0.0383,keep,,3.0
XAUGBP,Commodities_Raw,Gold - Great Britain Pound,2024-07-22 10:00:00+00:00,2026-09-18 05:45:00+00:00,50808,0.01,True,12.0,0.434,16.54,0.868,0.0525,0.035,keep,,3.0
XAUSGD,Commodities_Raw,Gold vs Singapore Dolla,2024-07-22 10:00:00+00:00,2026-09-18 05:45:00+00:00,50777,0.01,True,19.0,0.434,16.26,0.868,0.0534,0.0356,keep,,3.0
XAUUSD,Commodities_Raw,Gold - US Dollar,2024-07-22 10:00:00+00:00,2026-09-18 05:45:00+00:00,50831,0.01,True,7.0,0.206,16.65,0.412,0.0247,0.0165,keep,,3.0
XPDUSD,Commodities_Raw,Palladium vs US Dollar,2024-07-22 10:00:00+00:00,2026-09-18 05:45:00+00:00,50650,0.001,True,3900.0,33.122,42.71,66.244,1.551,1.034,drop,cost/R 1.034 > 0.22,
XPTUSD,Commodities_Raw,Platinum - US Dollar,2024-02-23 17:00:00+00:00,2026-09-18 05:45:00+00:00,50641,0.01,True,397.0,28.636,34.02,57.271,1.6832,1.1221,drop,cost/R 1.122 > 0.22,
ZARJPY,Forex_Raw,South African Rand / Japanese Yen,2024-07-18 00:00:00+00:00,2026-09-18 05:45:00+00:00,53649,1e-05,True,321.0,3.733,12.93,8.165,0.6316,0.4211,drop,cost/R 0.421 > 0.22,
ZINC,Commodities,Zinc vs US Dollar,2024-07-16 06:00:00+00:00,2026-09-18 05:45:00+00:00,39241,0.001,True,2520.0,8.347,21.65,16.695,0.7711,0.5141,drop,cost/R 0.514 > 0.22,
